institution	section	status	title_as_printed	normalized	marker
Alabama	UG sem 1-8	listed	After You've Gone	after youve gone	
Alabama	UG sem 1-8	listed	Ain't Misbehavin'	aint misbehavin	
Alabama	UG sem 1-8	listed	All Blues	all blues	
Alabama	UG sem 1-8	listed	All of Me	all of me	
Alabama	UG sem 1-8	listed	All of You	all of you	
Alabama	UG sem 1-8	listed	All the Things You Are	all the things you are	
Alabama	UG sem 1-8	listed	Alone Together	alone together	
Alabama	UG sem 1-8	listed	Almost Like Being in Love	almost like being in love	
Alabama	UG sem 1-8	listed	Autumn in New York	autumn in new york	
Alabama	UG sem 1-8	listed	Autumn Leaves	autumn leaves	
Alabama	UG sem 1-8	listed	Beautiful Love	beautiful love	
Alabama	UG sem 1-8	listed	Bewitched	bewitched	
Alabama	UG sem 1-8	listed	Black Orpheus	black orpheus	
Alabama	UG sem 1-8	listed	Blue Bossa	blue bossa	
Alabama	UG sem 1-8	listed	Body and Soul	body and soul	
Alabama	UG sem 1-8	listed	But Beautiful	but beautiful	
Alabama	UG sem 1-8	listed	But Not For Me	but not for me	
Alabama	UG sem 1-8	listed	Bye Bye Blackbird	bye bye blackbird	
Alabama	UG sem 1-8	listed	Caravan	caravan	
Alabama	UG sem 1-8	listed	Cherokee	cherokee	
Alabama	UG sem 1-8	listed	Come Rain or Come Shine	come rain or come shine	
Alabama	UG sem 1-8	listed	Come Fly with Me	come fly with me	
Alabama	UG sem 1-8	listed	Corcovado	corcovado	
Alabama	UG sem 1-8	listed	Darn that Dream	darn that dream	
Alabama	UG sem 1-8	listed	Days of Wine and Roses	days of wine and roses	
Alabama	UG sem 1-8	listed	Day In, Day Out	day in day out	
Alabama	UG sem 1-8	listed	Deed I Do	deed i do	
Alabama	UG sem 1-8	listed	Doxy	doxy	
Alabama	UG sem 1-8	listed	Easy Living	easy living	
Alabama	UG sem 1-8	listed	Embraceable You	embraceable you	
Alabama	UG sem 1-8	listed	Fine and Dandy	fine and dandy	
Alabama	UG sem 1-8	listed	Fine Romance	fine romance	
Alabama	UG sem 1-8	listed	Foggy Day	foggy day	
Alabama	UG sem 1-8	listed	Four	four	
Alabama	UG sem 1-8	listed	Gentle Rain	gentle rain	
Alabama	UG sem 1-8	listed	Georgia	georgia	
Alabama	UG sem 1-8	listed	Girl from Ipanema	girl from ipanema	
Alabama	UG sem 1-8	listed	Have You Met Miss Jones	have you met miss jones	
Alabama	UG sem 1-8	listed	Here's That Rainy Day	heres that rainy day	
Alabama	UG sem 1-8	listed	Honeysuckle Rose	honeysuckle rose	
Alabama	UG sem 1-8	listed	How Deep is the Ocean	how deep is the ocean	
Alabama	UG sem 1-8	listed	How High the Moon	how high the moon	
Alabama	UG sem 1-8	listed	I Can't Get Started	i cant get started	
Alabama	UG sem 1-8	listed	I Cover the Waterfront	i cover the waterfront	
Alabama	UG sem 1-8	listed	I Got Rhythm	i got rhythm	
Alabama	UG sem 1-8	listed	I'll Remember April	ill remember april	
Alabama	UG sem 1-8	listed	I Love You	i love you	
Alabama	UG sem 1-8	listed	In a Mellow Tone	in a mellow tone	
Alabama	UG sem 1-8	listed	In a Sentimental Mood	in a sentimental mood	
Alabama	UG sem 1-8	listed	I Should Care	i should care	
Alabama	UG sem 1-8	listed	Just Friends	just friends	
Alabama	UG sem 1-8	listed	Ladybird	ladybird	
Alabama	UG sem 1-8	listed	Laura	laura	
Alabama	UG sem 1-8	listed	Like Someone in Love	like someone in love	
Alabama	UG sem 1-8	listed	Little Sunflower	little sunflower	
Alabama	UG sem 1-8	listed	Love for Sale	love for sale	
Alabama	UG sem 1-8	listed	Lover Man	lover man	
Alabama	UG sem 1-8	listed	Lullaby of Birdland	lullaby of birdland	
Alabama	UG sem 1-8	listed	The Man I Love	man i love	
Alabama	UG sem 1-8	listed	Misty	misty	
Alabama	UG sem 1-8	listed	Moanin'	moanin	
Alabama	UG sem 1-8	listed	My Foolish Heart	my foolish heart	
Alabama	UG sem 1-8	listed	My Funny Valentine	my funny valentine	
Alabama	UG sem 1-8	listed	My One and Only Love	my one and only love	
Alabama	UG sem 1-8	listed	My Romance	my romance	
Alabama	UG sem 1-8	listed	The Nearness of You	nearness of you	
Alabama	UG sem 1-8	listed	Night in Tunisia	night in tunisia	
Alabama	UG sem 1-8	listed	Night and Day	night and day	
Alabama	UG sem 1-8	listed	On A Clear Day	on a clear day	
Alabama	UG sem 1-8	listed	On Green Dolphin Street	on green dolphin street	
Alabama	UG sem 1-8	listed	Out of Nowhere	out of nowhere	
Alabama	UG sem 1-8	listed	Our Love is Here to Stay	our love is here to stay	
Alabama	UG sem 1-8	listed	'Round Midnight	round midnight	
Alabama	UG sem 1-8	listed	Satin Doll	satin doll	
Alabama	UG sem 1-8	listed	Secret Love	secret love	
Alabama	UG sem 1-8	listed	The Shadow of Your Smile	shadow of your smile	
Alabama	UG sem 1-8	listed	Skylark	skylark	
Alabama	UG sem 1-8	listed	Softly, as in a Morning Sunrise	softly as in a morning sunrise	
Alabama	UG sem 1-8	listed	Solar	solar	
Alabama	UG sem 1-8	listed	Solitude	solitude	
Alabama	UG sem 1-8	listed	So What	so what	
Alabama	UG sem 1-8	listed	Sophisticated Lady	sophisticated lady	
Alabama	UG sem 1-8	listed	Star Dust	stardust	
Alabama	UG sem 1-8	listed	Stella by Starlight	stella by starlight	
Alabama	UG sem 1-8	listed	Straight, No Chaser	straight no chaser	
Alabama	UG sem 1-8	listed	Stompin' at the Savoy	stompin at the savoy	
Alabama	UG sem 1-8	listed	Summertime	summertime	
Alabama	UG sem 1-8	listed	Sweet Georgia Brown	sweet georgia brown	
Alabama	UG sem 1-8	listed	Take the A Train	take the a train	
Alabama	UG sem 1-8	listed	Tenderly	tenderly	
Alabama	UG sem 1-8	listed	There Is No Greater Love	there is no greater love	
Alabama	UG sem 1-8	listed	There Will Never Be Another You	there will never be another you	
Alabama	UG sem 1-8	listed	Wave	wave	
Alabama	UG sem 1-8	listed	Way You Look Tonight	way you look tonight	
Alabama	UG sem 1-8	listed	What Is This Thing Called Love	what is this thing called love	
Alabama	UG sem 1-8	listed	What's New?	whats new	
Alabama	UG sem 1-8	listed	When I Fall In Love	when i fall in love	
Alabama	UG sem 1-8	listed	Yesterdays	yesterdays	
Alabama	UG sem 1-8	listed	You'd Be So Nice to Come Home To	youd be so nice to come home to	
Alabama	UG sem 1-8	listed	You Don't Know What Love Is	you dont know what love is	
Cal State Long Beach	levels 1-4	listed	After You've Gone	after youve gone	
Cal State Long Beach	levels 1-4	listed	Afternoon in Paris	afternoon in paris	
Cal State Long Beach	levels 1-4	listed	All Blues	all blues	
Cal State Long Beach	levels 1-4	listed	A Time For Love	time for love	
Cal State Long Beach	levels 1-4	listed	Au Privave	au privave	
Cal State Long Beach	levels 1-4	listed	Autumn Leaves	autumn leaves	
Cal State Long Beach	levels 1-4	listed	Blue Bossa	blue bossa	
Cal State Long Beach	levels 1-4	listed	But Beautiful	but beautiful	
Cal State Long Beach	levels 1-4	listed	Days Of Wine And Roses	days of wine and roses	
Cal State Long Beach	levels 1-4	listed	Don't Get Around Much Anymore	dont get around much anymore	
Cal State Long Beach	levels 1-4	listed	Doxy	doxy	
Cal State Long Beach	levels 1-4	listed	Freddie The Freeloader	freddie the freeloader	
Cal State Long Beach	levels 1-4	listed	Georgia	georgia	
Cal State Long Beach	levels 1-4	listed	Honeysuckle Rose	honeysuckle rose	
Cal State Long Beach	levels 1-4	listed	Impressions	impressions	
Cal State Long Beach	levels 1-4	listed	It Don't Mean A Thing	it dont mean a thing	
Cal State Long Beach	levels 1-4	listed	Killer Joe	killer joe	
Cal State Long Beach	levels 1-4	listed	Lady Be Good	lady be good	
Cal State Long Beach	levels 1-4	listed	Lester Leaps In	lester leaps in	
Cal State Long Beach	levels 1-4	listed	Little Sunflower	little sunflower	
Cal State Long Beach	levels 1-4	listed	Maiden Voyage	maiden voyage	
Cal State Long Beach	levels 1-4	listed	Meditation	meditation	
Cal State Long Beach	levels 1-4	listed	Mr. P.C.	mr p c	
Cal State Long Beach	levels 1-4	listed	My Funny Valentine	my funny valentine	
Cal State Long Beach	levels 1-4	listed	Billie's Bounce	billies bounce	
Cal State Long Beach	levels 1-4	listed	Out Of Nowhere	out of nowhere	
Cal State Long Beach	levels 1-4	listed	Perdido	perdido	
Cal State Long Beach	levels 1-4	listed	So What	so what	
Cal State Long Beach	levels 1-4	listed	Song For My Father	song for my father	
Cal State Long Beach	levels 1-4	listed	St. Thomas	st thomas	
Cal State Long Beach	levels 1-4	listed	Stolen Moments	stolen moments	
Cal State Long Beach	levels 1-4	listed	Take The A Train	take the a train	
Cal State Long Beach	levels 1-4	listed	Tune Up	tune up	
Cal State Long Beach	levels 1-4	listed	A Foggy Day	foggy day	
Cal State Long Beach	levels 1-4	listed	A Night In Tunisia	night in tunisia	
Cal State Long Beach	levels 1-4	listed	Afro Blue	afro blue	
Cal State Long Beach	levels 1-4	listed	All The Things You Are	all the things you are	
Cal State Long Beach	levels 1-4	listed	Angel Eyes	angel eyes	
Cal State Long Beach	levels 1-4	listed	Blues For Alice	blues for alice	
Cal State Long Beach	levels 1-4	listed	Bluesette	bluesette	
Cal State Long Beach	levels 1-4	listed	Beautiful Love	beautiful love	
Cal State Long Beach	levels 1-4	listed	But Not For Me	but not for me	
Cal State Long Beach	levels 1-4	listed	Cottontail	cottontail	
Cal State Long Beach	levels 1-4	listed	Easy Living	easy living	
Cal State Long Beach	levels 1-4	listed	Everything Happens To Me	everything happens to me	
Cal State Long Beach	levels 1-4	listed	Exactly Like You	exactly like you	
Cal State Long Beach	levels 1-4	listed	Footprints	footprints	
Cal State Long Beach	levels 1-4	listed	Four	four	
Cal State Long Beach	levels 1-4	listed	Groovin' High	groovin high	
Cal State Long Beach	levels 1-4	listed	Have You Met Miss Jones	have you met miss jones	
Cal State Long Beach	levels 1-4	listed	Here's That Rainy Day	heres that rainy day	
Cal State Long Beach	levels 1-4	listed	How Insensitive	how insensitive	
Cal State Long Beach	levels 1-4	listed	I Hear A Rhapsody	i hear a rhapsody	
Cal State Long Beach	levels 1-4	listed	I Love You	i love you	
Cal State Long Beach	levels 1-4	listed	I Should Care	i should care	
Cal State Long Beach	levels 1-4	listed	In A Mellow Tone	in a mellow tone	
Cal State Long Beach	levels 1-4	listed	In A Sentimental Mood	in a sentimental mood	
Cal State Long Beach	levels 1-4	listed	In Walked Bud	in walked bud	
Cal State Long Beach	levels 1-4	listed	Jordu	jordu	
Cal State Long Beach	levels 1-4	listed	Joy Spring	joy spring	
Cal State Long Beach	levels 1-4	listed	Just Friends	just friends	
Cal State Long Beach	levels 1-4	listed	Ladybird	ladybird	
Cal State Long Beach	levels 1-4	listed	Milestones	milestones	
Cal State Long Beach	levels 1-4	listed	Minority	minority	
Cal State Long Beach	levels 1-4	listed	Night And Day	night and day	
Cal State Long Beach	levels 1-4	listed	On Green Dolphin Street	on green dolphin street	
Cal State Long Beach	levels 1-4	listed	Our Love Is Here To Stay	our love is here to stay	
Cal State Long Beach	levels 1-4	listed	Prelude To A Kiss	prelude to a kiss	
Cal State Long Beach	levels 1-4	listed	Recordame	recordame	
Cal State Long Beach	levels 1-4	listed	Scrapple From The Apple	scrapple from the apple	
Cal State Long Beach	levels 1-4	listed	Shadow Of Your Smile	shadow of your smile	
Cal State Long Beach	levels 1-4	listed	Softly, As In A Morning Sunrise	softly as in a morning sunrise	
Cal State Long Beach	levels 1-4	listed	Solar	solar	
Cal State Long Beach	levels 1-4	listed	Someday My Prince Will Come	someday my prince will come	
Cal State Long Beach	levels 1-4	listed	Speak Low	speak low	
Cal State Long Beach	levels 1-4	listed	Star Eyes	star eyes	
Cal State Long Beach	levels 1-4	listed	Tenderly	tenderly	
Cal State Long Beach	levels 1-4	listed	There Is No Greater Love	there is no greater love	
Cal State Long Beach	levels 1-4	listed	There Will Never Be Another You	there will never be another you	
Cal State Long Beach	levels 1-4	listed	Yardbird Suite	yardbird suite	
Cal State Long Beach	levels 1-4	listed	Alone Together	alone together	
Cal State Long Beach	levels 1-4	listed	Anthropology	anthropology	
Cal State Long Beach	levels 1-4	listed	Blue In Green	blue in green	
Cal State Long Beach	levels 1-4	listed	Body And Soul	body and soul	
Cal State Long Beach	levels 1-4	listed	Ceora	ceora	
Cal State Long Beach	levels 1-4	listed	Chelsea Bridge	chelsea bridge	
Cal State Long Beach	levels 1-4	listed	Come Rain Or Come Shine	come rain or come shine	
Cal State Long Beach	levels 1-4	listed	Confirmation	confirmation	
Cal State Long Beach	levels 1-4	listed	Corcovado	corcovado	
Cal State Long Beach	levels 1-4	listed	Daahoud	daahoud	
Cal State Long Beach	levels 1-4	listed	Desifinado	desafinado	
Cal State Long Beach	levels 1-4	listed	Donna Lee	donna lee	
Cal State Long Beach	levels 1-4	listed	Embraceable You	embraceable you	
Cal State Long Beach	levels 1-4	listed	Estate	estate	
Cal State Long Beach	levels 1-4	listed	Fee Fi Fo Fum	fee fi fo fum	
Cal State Long Beach	levels 1-4	listed	I Can't Get Started	i cant get started	
Cal State Long Beach	levels 1-4	listed	I'm Old Fashioned	im old fashioned	
Cal State Long Beach	levels 1-4	listed	It Could Happen To You	it could happen to you	
Cal State Long Beach	levels 1-4	listed	Lazy Bird	lazy bird	
Cal State Long Beach	levels 1-4	listed	Like Someone In Love	like someone in love	
Cal State Long Beach	levels 1-4	listed	My Favorite Tings	my favorite things	
Cal State Long Beach	levels 1-4	listed	My One And Only Love	my one and only love	
Cal State Long Beach	levels 1-4	listed	My Romance	my romance	
Cal State Long Beach	levels 1-4	listed	My Secret Love	secret love	
Cal State Long Beach	levels 1-4	listed	Nica's Dream	nicas dream	
Cal State Long Beach	levels 1-4	listed	Nardis	nardis	
Cal State Long Beach	levels 1-4	listed	Nefertiti	nefertiti	
Cal State Long Beach	levels 1-4	listed	Chega De Saudade	chega de saudade	
Cal State Long Beach	levels 1-4	listed	That Old Devil Moon	old devil moon	
Cal State Long Beach	levels 1-4	listed	Once I Loved	once i loved	
Cal State Long Beach	levels 1-4	listed	Orinthology	ornithology	
Cal State Long Beach	levels 1-4	listed	Seven Steps To Heaven	seven steps to heaven	
Cal State Long Beach	levels 1-4	listed	Skylark	skylark	
Cal State Long Beach	levels 1-4	listed	Speak No Evil	speak no evil	
Cal State Long Beach	levels 1-4	listed	Stardust	stardust	
Cal State Long Beach	levels 1-4	listed	Stella By Starlight	stella by starlight	
Cal State Long Beach	levels 1-4	listed	Girl From Ipanema	girl from ipanema	
Cal State Long Beach	levels 1-4	listed	The Song Is You	song is you	
Cal State Long Beach	levels 1-4	listed	Triste	triste	
Cal State Long Beach	levels 1-4	listed	Tune Up (faster)	tune up	
Cal State Long Beach	levels 1-4	listed	Wave	wave	
Cal State Long Beach	levels 1-4	listed	Well You Needn't	well you neednt	
Cal State Long Beach	levels 1-4	listed	West Coast Blues	west coast blues	
Cal State Long Beach	levels 1-4	listed	What Is This Thing Called Love	what is this thing called love	
Cal State Long Beach	levels 1-4	listed	Yesterdays	yesterdays	
Cal State Long Beach	levels 1-4	listed	Airegin	airegin	
Cal State Long Beach	levels 1-4	listed	Along Came Betty	along came betty	
Cal State Long Beach	levels 1-4	listed	Beyond All Limits	beyond all limits	
Cal State Long Beach	levels 1-4	listed	Blood Count	blood count	
Cal State Long Beach	levels 1-4	listed	Bolivia	bolivia	
Cal State Long Beach	levels 1-4	listed	Cherokee	cherokee	
Cal State Long Beach	levels 1-4	listed	Clockwise	clockwise	
Cal State Long Beach	levels 1-4	listed	Countdown	countdown	
Cal State Long Beach	levels 1-4	listed	Darn That Dream	darn that dream	
Cal State Long Beach	levels 1-4	listed	Dolphin Dance	dolphin dance	
Cal State Long Beach	levels 1-4	listed	Ecaroh	ecaroh	
Cal State Long Beach	levels 1-4	listed	E.S.P.	e s p	
Cal State Long Beach	levels 1-4	listed	Giant Steps	giant steps	
Cal State Long Beach	levels 1-4	listed	Hot House	hot house	
Cal State Long Beach	levels 1-4	listed	Indiana	indiana	
Cal State Long Beach	levels 1-4	listed	I'll Remember April	ill remember april	
Cal State Long Beach	levels 1-4	listed	Infant Eyes	infant eyes	
Cal State Long Beach	levels 1-4	listed	Inner Urge	inner urge	
Cal State Long Beach	levels 1-4	listed	Invitation	invitation	
Cal State Long Beach	levels 1-4	listed	It's You Or No One	its you or no one	
Cal State Long Beach	levels 1-4	listed	Joshua	joshua	
Cal State Long Beach	levels 1-4	listed	Just One Of Those Things	just one of those things	
Cal State Long Beach	levels 1-4	listed	Lament For Booker	lament for booker	
Cal State Long Beach	levels 1-4	listed	Love For Sale	love for sale	
Cal State Long Beach	levels 1-4	listed	Lover	lover	
Cal State Long Beach	levels 1-4	listed	Lover Come Back To Me	lover come back to me	
Cal State Long Beach	levels 1-4	listed	Lush Life	lush life	
Cal State Long Beach	levels 1-4	listed	Moment's Notice	moments notice	
Cal State Long Beach	levels 1-4	listed	Moontrane	moontrane	
Cal State Long Beach	levels 1-4	listed	My Secret Love	secret love	
Cal State Long Beach	levels 1-4	listed	My Shining Hour	my shining hour	
Cal State Long Beach	levels 1-4	listed	Naima	naima	
Cal State Long Beach	levels 1-4	listed	Oleo	oleo	
Cal State Long Beach	levels 1-4	listed	Pannonica	pannonica	
Cal State Long Beach	levels 1-4	listed	Quicksilver	quicksilver	
Cal State Long Beach	levels 1-4	listed	Room 608	room 608	
Cal State Long Beach	levels 1-4	listed	Round Midnight	round midnight	
Cal State Long Beach	levels 1-4	listed	Sail Away	sail away	
Cal State Long Beach	levels 1-4	listed	Sophisticated Lady	sophisticated lady	
Cal State Long Beach	levels 1-4	listed	Spring Is Here	spring is here	
Cal State Long Beach	levels 1-4	listed	Stablemates	stablemates	
Cal State Long Beach	levels 1-4	listed	The Way You Look Tonight	way you look tonight	
Cal State Long Beach	levels 1-4	listed	Very Early	very early	
Cal State Long Beach	levels 1-4	listed	Yes And No	yes and no	
Cal State Long Beach	levels 1-4	listed	You Stepped Out A Dream	you stepped out a dream	
Colorado Boulder	entrance UG+GR	exemplar	Blues for Alice	blues for alice	
Colorado Boulder	entrance UG+GR	exemplar	Au Privave	au privave	
Colorado Boulder	entrance UG+GR	exemplar	Blues Walk	blues walk	
Colorado Boulder	entrance UG+GR	exemplar	Now's The Time	nows the time	
Colorado Boulder	entrance UG+GR	exemplar	Green Dolphin Street	on green dolphin street	
Colorado Boulder	entrance UG+GR	exemplar	All the Things You Are	all the things you are	
Colorado Boulder	entrance UG+GR	exemplar	Have You Met Miss Jones	have you met miss jones	
Colorado Boulder	entrance UG+GR	exemplar	Lady Bird	ladybird	
Colorado Boulder	entrance UG+GR	exemplar	Autumn Leaves	autumn leaves	
Colorado Boulder	entrance UG+GR	exemplar	My Romance	my romance	
Colorado Boulder	entrance UG+GR	exemplar	Stella by Starlight	stella by starlight	
Colorado Boulder	entrance UG+GR	exemplar	Days of Wine and Roses	days of wine and roses	
Colorado Boulder	entrance UG+GR	exemplar	Donna Lee	donna lee	
Colorado Boulder	entrance UG+GR	exemplar	Confirmation	confirmation	
Colorado Boulder	entrance UG+GR	exemplar	Ornithology	ornithology	
Colorado Boulder	entrance UG+GR	exemplar	Oleo	oleo	
Colorado Boulder	entrance UG+GR	exemplar	Black Orpheus	black orpheus	
Colorado Boulder	entrance UG+GR	exemplar	Blue Bossa	blue bossa	
Colorado Boulder	entrance UG+GR	exemplar	Girl From Impanema	girl from ipanema	
Colorado Boulder	entrance UG+GR	exemplar	Triste	triste	
Colorado Boulder	entrance UG+GR	exemplar	Wave	wave	
Colorado Boulder	entrance UG+GR	exemplar	In a Sentimental Mood	in a sentimental mood	
Colorado Boulder	entrance UG+GR	exemplar	Body and Soul	body and soul	
Colorado Boulder	entrance UG+GR	exemplar	What's New?	whats new	
Colorado Boulder	entrance UG+GR	exemplar	My One and Only Love	my one and only love	
Colorado Boulder	entrance UG+GR	exemplar	Misty	misty	
Colorado Boulder	entrance UG+GR	exemplar	My Foolish Heart	my foolish heart	
Colorado Boulder	entrance UG+GR	exemplar	Someday My Prince Will Come	someday my prince will come	
Colorado Boulder	entrance UG+GR	exemplar	Up Jumped Spring	up jumped spring	
Colorado Boulder	entrance UG+GR	exemplar	All Blues	all blues	
Colorado Boulder	entrance UG+GR	exemplar	Bluesette	bluesette	
Iowa	entrance UG	listed	Blue Bossa	blue bossa	
Iowa	entrance UG	listed	Autumn Leaves	autumn leaves	
Iowa	entrance UG	listed	Doxy	doxy	
Iowa	entrance UG	listed	Summertime	summertime	
Iowa	entrance UG	listed	Ladybird	ladybird	
Iowa	entrance UG	listed	Cantaloupe Island	cantaloupe island	
Iowa	entrance UG	listed	Watermelon Man	watermelon man	
Iowa	entrance UG	listed	So What	so what	
Iowa	entrance UG	listed	Killer Joe	killer joe	
Iowa	entrance UG	listed	The Sidewinder	the sidewinder	
Iowa	entrance UG	listed	Take The A Train	take the a train	
Iowa	entrance UG	listed	Satin Doll	satin doll	
Iowa	entrance UG	listed	St. Thomas	st thomas	
Iowa	entrance UG	listed	Bluesette	bluesette	
Iowa	entrance UG	listed	Song for My Father	song for my father	
Iowa	entrance UG	exemplar	Tenor Madness	tenor madness	
Iowa	entrance UG	exemplar	Now's the Time	nows the time	
Iowa	entrance UG	exemplar	C Jam Blues	c jam blues	
Iowa	entrance UG	exemplar	Blue Monk	blue monk	
Iowa	entrance UG	exemplar	Straight No Chaser	straight no chaser	
Iowa	entrance UG	exemplar	Mr. P.C.	mr p c	
Iowa	entrance GR	listed	Recorda-Me	recordame	
Iowa	entrance GR	listed	All the Things You Are	all the things you are	
Iowa	entrance GR	listed	Ceora	ceora	
Iowa	entrance GR	listed	Girl From Impanima	girl from ipanema	
Iowa	entrance GR	listed	You're My Everything	youre my everything	
Iowa	entrance GR	listed	I Hear a Rhapsody	i hear a rhapsody	
Iowa	entrance GR	listed	Giant Steps	giant steps	
Iowa	entrance GR	listed	Joyspring	joy spring	
Iowa	entrance GR	listed	Cherokee	cherokee	
Iowa	entrance GR	listed	Round Midnight	round midnight	
Iowa	entrance GR	listed	In A Mellow Tone	in a mellow tone	
Iowa	entrance GR	listed	Alone Together	alone together	
Iowa	entrance GR	listed	Well You Needn't	well you neednt	
Iowa	entrance GR	listed	Donna Lee	donna lee	
Iowa	entrance GR	listed	Tricotism	tricotism	
Iowa	entrance GR	listed	Yardbird Suite	yardbird suite	
Iowa	entrance GR	listed	All of Me	all of me	
Iowa	entrance GR	listed	Jeannine	jeannine	
Iowa	entrance GR	listed	Beatrice	beatrice	
Iowa	entrance GR	listed	All of You	all of you	
Iowa	entrance GR	listed	Someday My Prince Will Come	someday my prince will come	
Iowa	entrance GR	listed	Blue Daniel	blue daniel	
Iowa	entrance GR	listed	Night and Day	night and day	
Iowa	entrance GR	listed	Love for Sale	love for sale	
Iowa	entrance GR	listed	Yes or No	yes and no	
Iowa	entrance GR	listed	Infant Eyes	infant eyes	
Iowa	entrance GR	listed	Along Came Betty	along came betty	
Iowa	entrance GR	listed	This I Dig of You	this i dig of you	
Iowa	entrance GR	listed	Bye Bye Blackbird	bye bye blackbird	
Iowa	entrance GR	exemplar	Tenor Madness	tenor madness	
Iowa	entrance GR	exemplar	Birk's Works	birks works	
Iowa	entrance GR	exemplar	Now's the Time	nows the time	
Iowa	entrance GR	exemplar	C Jam Blues	c jam blues	
Iowa	entrance GR	exemplar	Blue Monk	blue monk	
Iowa	entrance GR	form entry	Bb Rhythm Changes	bb rhythm changes	
Western Michigan	UG Freshman	listed	Billie's Bounce	billies bounce	
Western Michigan	UG Freshman	listed	Autumn Leaves	autumn leaves	
Western Michigan	UG Freshman	listed	Now's the Time	nows the time	
Western Michigan	UG Freshman	listed	Bye Bye Blackbird	bye bye blackbird	
Western Michigan	UG Freshman	listed	Take the A Train	take the a train	
Western Michigan	UG Freshman	listed	Summertime	summertime	
Western Michigan	UG Freshman	listed	Satin Doll	satin doll	
Western Michigan	UG Freshman	listed	Laura	laura	
Western Michigan	UG Freshman	listed	So What	so what	
Western Michigan	UG Freshman	listed	Girl from Ipanema	girl from ipanema	
Western Michigan	UG Freshman	listed	Samba de Orfeo	samba de orfeo	
Western Michigan	UG Freshman	listed	Cantaloupe Island	cantaloupe island	
Western Michigan	UG Sophomore	listed	Oleo	oleo	
Western Michigan	UG Sophomore	listed	All the Things You Are	all the things you are	
Western Michigan	UG Sophomore	listed	It Could Happen to You	it could happen to you	
Western Michigan	UG Sophomore	listed	How Deep is the Ocean	how deep is the ocean	
Western Michigan	UG Sophomore	listed	If I Should Lose You	if i should lose you	
Western Michigan	UG Sophomore	listed	Four	four	
Western Michigan	UG Sophomore	listed	Tenderly	tenderly	
Western Michigan	UG Sophomore	listed	Dindi	dindi	
Western Michigan	UG Sophomore	listed	How Insensitive	how insensitive	
Western Michigan	UG Sophomore	listed	Blues for Alice	blues for alice	
Western Michigan	UG Sophomore	listed	Maiden Voyage	maiden voyage	
Western Michigan	UG Sophomore	listed	Prelude to a Kiss	prelude to a kiss	
Western Michigan	UG Junior	listed	Confirmation	confirmation	
Western Michigan	UG Junior	listed	Stella by Starlight	stella by starlight	
Western Michigan	UG Junior	listed	Body and Soul	body and soul	
Western Michigan	UG Junior	listed	Skylark	skylark	
Western Michigan	UG Junior	listed	Evidence	evidence	
Western Michigan	UG Junior	listed	The Way You Look Tonight	way you look tonight	
Western Michigan	UG Junior	listed	Eternal Triangle	eternal triangle	
Western Michigan	UG Junior	listed	Love for Sale	love for sale	
Western Michigan	UG Junior	listed	Desafinado	desafinado	
Western Michigan	UG Junior	listed	Seven Steps to Heaven	seven steps to heaven	
Western Michigan	UG Junior	listed	Yes or No	yes and no	
Western Michigan	UG Junior	listed	Up Jumped Spring	up jumped spring	
Western Michigan	UG Junior	listed	Alone Together	alone together	
Western Michigan	UG Junior	listed	Ornithology	ornithology	
Western Michigan	UG Senior	listed	Countdown	countdown	
Western Michigan	UG Senior	listed	Giant Steps	giant steps	
Western Michigan	UG Senior	listed	Cherokee	cherokee	
Western Michigan	UG Senior	listed	Donna Lee	donna lee	
Western Michigan	UG Senior	listed	Monk's Dream	monks dream	
Western Michigan	UG Senior	listed	Very Early	very early	
Western Michigan	UG Senior	listed	Firm Roots	firm roots	
Western Michigan	UG Senior	listed	Sophisticated Lady	sophisticated lady	
Western Michigan	UG Senior	listed	Milestones (Old)	milestones	
Western Michigan	UG Senior	listed	Along Came Betty	along came betty	
Western Michigan	UG Senior	listed	Estate	estate	
Western Michigan	UG Senior	listed	Inner Urge	inner urge	
Marshall	repertoire list - Standards	listed	I've Got Rhythm	i got rhythm	
Marshall	repertoire list - Standards	listed	Autumn Leaves	autumn leaves	
Marshall	repertoire list - Standards	listed	Summertime	summertime	
Marshall	repertoire list - Standards	listed	There Will Never Be Another You	there will never be another you	
Marshall	repertoire list - Standards	listed	A Day In The Life Of A Fool	black orpheus	
Marshall	repertoire list - Standards	listed	All the Things You Are	all the things you are	
Marshall	repertoire list - Standards	listed	On the Sunny Side of the Street	on the sunny side of the street	
Marshall	repertoire list - Standards	listed	All of Me	all of me	
Marshall	repertoire list - Standards	listed	Blue Skies	blue skies	
Marshall	repertoire list - Standards	listed	But Not For Me	but not for me	
Marshall	repertoire list - Standards	listed	I Remember You	i remember you	
Marshall	repertoire list - Standards	listed	Beautiful Love	beautiful love	
Marshall	repertoire list - Standards	listed	How High the Moon	how high the moon	
Marshall	repertoire list - Standards	listed	Out of Nowhere	out of nowhere	
Marshall	repertoire list - Standards	listed	All of You	all of you	
Marshall	repertoire list - Standards	listed	It Could Happen to You	it could happen to you	
Marshall	repertoire list - Standards	listed	I Love You	i love you	
Marshall	repertoire list - Standards	listed	Softly, As In A Morning Sunrise	softly as in a morning sunrise	
Marshall	repertoire list - Standards	listed	Yesterdays	yesterdays	
Marshall	repertoire list - Standards	listed	There is No Greater Love	there is no greater love	
Marshall	repertoire list - Standards	listed	I Love You	i love you	
Marshall	repertoire list - Standards	listed	Just Friends	just friends	
Marshall	repertoire list - Standards	listed	On Green Dolphin Street	on green dolphin street	
Marshall	repertoire list - Standards	listed	I Should Care	i should care	
Marshall	repertoire list - Standards	listed	All of Me	all of me	
Marshall	repertoire list - Standards	listed	Days of Wine and Roses	days of wine and roses	
Marshall	repertoire list - Standards	listed	Stella By Starlight	stella by starlight	
Marshall	repertoire list - Standards	listed	What is This Thing Called Love	what is this thing called love	
Marshall	repertoire list - Standards	listed	Have You Met Miss Jones	have you met miss jones	
Marshall	repertoire list - Standards	listed	Alone Together	alone together	
Marshall	repertoire list - Standards	listed	I'll Remember April	ill remember april	
Marshall	repertoire list - Standards	listed	Cherokee	cherokee	
Marshall	repertoire list - Ballads	listed	The Nearness of You	nearness of you	
Marshall	repertoire list - Ballads	listed	My Funny Valentine	my funny valentine	
Marshall	repertoire list - Ballads	listed	Georgia On My Mind	georgia	
Marshall	repertoire list - Ballads	listed	Body and Soul	body and soul	
Marshall	repertoire list - Ballads	listed	In The Wee Small Hours of the Morning	in the wee small hours of the morning	
Marshall	repertoire list - Ballads	listed	In A Sentimental Mood	in a sentimental mood	
Marshall	repertoire list - Ballads	listed	When I Fall In Love	when i fall in love	
Marshall	repertoire list - Ballads	listed	My Foolish Heart	my foolish heart	
Marshall	repertoire list - Ballads	listed	Old Folks	old folks	
Marshall	repertoire list - Ballads	listed	Polkadots and Moonbeams	polka dots and moonbeams	
Marshall	repertoire list - Ballads	listed	I Remember Clifford	i remember clifford	
Marshall	repertoire list - Ballads	listed	Easy Living	easy living	
Marshall	repertoire list - Ballads	listed	I Fall in Love Too Easily	i fall in love too easily	
Marshall	repertoire list - Bebop Heads	listed	Half-Nelson	half nelson	
Marshall	repertoire list - Bebop Heads	listed	Groovin' High	groovin high	
Marshall	repertoire list - Bebop Heads	listed	Afternoon in Paris	afternoon in paris	
Marshall	repertoire list - Bebop Heads	listed	Dexterity	dexterity	
Marshall	repertoire list - Bebop Heads	listed	Ornithology	ornithology	
Marshall	repertoire list - Bebop Heads	listed	Joy Spring	joy spring	
Marshall	repertoire list - Bebop Heads	listed	Little Willie Leaps	little willie leaps	
Marshall	repertoire list - Bebop Heads	listed	Moose the Mooch	moose the mooche	
Marshall	repertoire list - Bebop Heads	listed	Oleo	oleo	
Marshall	repertoire list - Bebop Heads	listed	Four	four	
Marshall	repertoire list - Bebop Heads	listed	Scrapple from the Apple	scrapple from the apple	
Marshall	repertoire list - Bebop Heads	listed	Anthropology	anthropology	
Marshall	repertoire list - Bebop Heads	listed	Confirmation	confirmation	
Marshall	repertoire list - Bebop Heads	listed	Hot House	hot house	
Marshall	repertoire list - Bebop Heads	listed	Bebop	bebop	
Marshall	repertoire list - Bebop Heads	listed	Woody 'N' You	woody n you	
Marshall	repertoire list - Bebop Heads	listed	Donna Lee	donna lee	
Marshall	repertoire list - Blues Heads	listed	Bag's Groove	bags groove	
Marshall	repertoire list - Blues Heads	listed	Sonnymoon for Two	sonnymoon for two	
Marshall	repertoire list - Blues Heads	listed	Cool Blues	cool blues	
Marshall	repertoire list - Blues Heads	listed	Now's the Time	nows the time	
Marshall	repertoire list - Blues Heads	listed	Watermelon Man	watermelon man	
Marshall	repertoire list - Blues Heads	listed	Tenor Madness	tenor madness	
Marshall	repertoire list - Blues Heads	listed	All Blues	all blues	
Marshall	repertoire list - Blues Heads	listed	Mr. P.C.	mr p c	
Marshall	repertoire list - Blues Heads	listed	Billie's Bounce	billies bounce	
Marshall	repertoire list - Blues Heads	listed	Freddie the Freeloader	freddie the freeloader	
Marshall	repertoire list - Blues Heads	listed	Blues for Alice	blues for alice	
Marshall	repertoire list - Blues Heads	listed	Sandu	sandu	
Marshall	repertoire list - Blues Heads	listed	Blue Monk	blue monk	
Marshall	repertoire list - Blues Heads	listed	Au Privave	au privave	
Marshall	repertoire list - Blues Heads	listed	Blue Train	blue train	
Marshall	repertoire list - Jazz Compositions	listed	Take the A Train	take the a train	
Marshall	repertoire list - Jazz Compositions	listed	So What	so what	
Marshall	repertoire list - Jazz Compositions	listed	Satin Doll	satin doll	
Marshall	repertoire list - Jazz Compositions	listed	Perdido	perdido	
Marshall	repertoire list - Jazz Compositions	listed	Maiden Voyage	maiden voyage	
Marshall	repertoire list - Jazz Compositions	listed	Cantaloupe Island	cantaloupe island	
Marshall	repertoire list - Jazz Compositions	listed	Doxy	doxy	
Marshall	repertoire list - Jazz Compositions	listed	Solar	solar	
Marshall	repertoire list - Jazz Compositions	listed	Tune Up	tune up	
Marshall	repertoire list - Jazz Compositions	listed	Lady Bird	ladybird	
Marshall	repertoire list - Jazz Compositions	listed	Rhythm-A-Ning	rhythm a ning	
Marshall	repertoire list - Jazz Compositions	listed	In A Mellow Tone	in a mellow tone	
Marshall	repertoire list - Jazz Compositions	listed	Impressions	impressions	
Marshall	repertoire list - Jazz Compositions	listed	I Mean You	i mean you	
Marshall	repertoire list - Jazz Compositions	listed	Seven Steps to Heaven	seven steps to heaven	
Marshall	repertoire list - Jazz Compositions	listed	Stablemates	stablemates	
Marshall	repertoire list - Jazz Compositions	listed	Giant Steps	giant steps	
Marshall	repertoire list - Latin Tunes	listed	Blue Bossa	blue bossa	
Marshall	repertoire list - Latin Tunes	listed	St. Thomas	st thomas	
Marshall	repertoire list - Latin Tunes	listed	Girl from Ipanema	girl from ipanema	
Marshall	repertoire list - Latin Tunes	listed	How Insensitive	how insensitive	
Marshall	repertoire list - Latin Tunes	listed	Caravan	caravan	
Marshall	repertoire list - Latin Tunes	listed	A Night in Tunisia	night in tunisia	
Marshall	repertoire list - Latin Tunes	listed	Wave	wave	
Marshall	repertoire list - Latin Tunes	listed	Ceora	ceora	
Marshall	repertoire list - Latin Tunes	listed	Corcovado	corcovado	
Marshall	repertoire list - Latin Tunes	listed	Desafinado	desafinado	
Marshall	repertoire list - Latin Tunes	listed	Triste	triste	
Marshall	repertoire list - Latin Tunes	listed	Recordame	recordame	
Marshall	repertoire list - Waltzes	listed	Bluesette	bluesette	
Marshall	repertoire list - Waltzes	listed	Someday My Prince Will Come	someday my prince will come	
Marshall	repertoire list - Waltzes	listed	My Favorite Things	my favorite things	
Marshall	repertoire list - Waltzes	listed	Child Is Born	child is born	
Marshall	repertoire list - Waltzes	listed	West Coast Blues	west coast blues	
Marshall	repertoire list - Waltzes	listed	Valse Hot	valse hot	
Marshall	repertoire list - Waltzes	listed	Emily	emily	
Marshall	repertoire list - Waltzes	listed	Up Jumped Spring	up jumped spring	
Marshall	entrance UG	blues exemplar	C Jam Blues	c jam blues	
Marshall	entrance UG	blues exemplar	Straight No Chaser	straight no chaser	
Marshall	entrance UG	blues exemplar	Now's the Time	nows the time	
Marshall	entrance UG	blues exemplar	Sonnymoon for Two	sonnymoon for two	
Marshall	entrance UG	blues exemplar	Billie's Bounce	billies bounce	
Marshall	entrance UG	standard exemplar	Take the A Train	take the a train	
Marshall	entrance UG	standard exemplar	Autumn Leaves	autumn leaves	
Marshall	entrance UG	standard exemplar	Blue Bossa	blue bossa	
Marshall	entrance UG	standard exemplar	Oleo	oleo	
Marshall	entrance UG	standard exemplar	All The Things You Are	all the things you are	
Marshall	entrance UG	standard exemplar	Body and Soul	body and soul	
Marshall	entrance UG	standard exemplar	Summertime	summertime	
Marshall	entrance UG	standard exemplar	Stella By Starlight	stella by starlight	
Marshall	entrance UG	bass exemplar	So What	so what	
Marshall	entrance GR	prepared literature - Bebop Tunes	Confirmation	confirmation	
Marshall	entrance GR	prepared literature - Bebop Tunes	Donna Lee	donna lee	
Marshall	entrance GR	prepared literature - Bebop Tunes	Groovin' High	groovin high	
Marshall	entrance GR	prepared literature - Bebop Tunes	Half Nelson	half nelson	
Marshall	entrance GR	prepared literature - Bebop Tunes	Joy Spring	joy spring	
Marshall	entrance GR	prepared literature - Bebop Tunes	Stablemates	stablemates	
Marshall	entrance GR	prepared literature - Standard Tunes	All The Things You Are	all the things you are	
Marshall	entrance GR	prepared literature - Standard Tunes	Alone Together	alone together	
Marshall	entrance GR	prepared literature - Standard Tunes	Have You Met Miss Jones	have you met miss jones	
Marshall	entrance GR	prepared literature - Standard Tunes	On Green Dolphin Street	on green dolphin street	
Marshall	entrance GR	prepared literature - Standard Tunes	Stella By Starlight	stella by starlight	
Marshall	entrance GR	prepared literature - Standard Tunes	There Will Never Be Another You	there will never be another you	
Marshall	entrance GR	prepared literature - Standard Tunes	What Is This Thing Called Love	what is this thing called love	
Marshall	entrance GR	prepared literature - Post-bop Tunes	Dolphin Dance	dolphin dance	
Marshall	entrance GR	prepared literature - Post-bop Tunes	Giant Steps	giant steps	
Marshall	entrance GR	prepared literature - Post-bop Tunes	Inner Urge	inner urge	
Marshall	entrance GR	prepared literature - Post-bop Tunes	Moment's Notice	moments notice	
Marshall	entrance GR	prepared literature - Post-bop Tunes	The Moontrane	moontrane	
Marshall	entrance GR	exemplar	C Jam Blues	c jam blues	
Marshall	entrance GR	exemplar	Straight No Chaser	straight no chaser	
Marshall	entrance GR	exemplar	Now's the Time	nows the time	
Marshall	entrance GR	exemplar	Sonnymoon for Two	sonnymoon for two	
Marshall	entrance GR	exemplar	Billie's Bounce	billies bounce	
Oregon	UG - Minor Blues (4 Total)	listed	Birk's Works	birks works	
Oregon	UG - Minor Blues (4 Total)	listed	Blue Friday	blue friday	
Oregon	UG - Minor Blues (4 Total)	listed	Equinox	equinox	
Oregon	UG - Minor Blues (4 Total)	listed	Footprints	footprints	*
Oregon	UG - Minor Blues (4 Total)	listed	Interplay	interplay	
Oregon	UG - Minor Blues (4 Total)	listed	Israel	israel	
Oregon	UG - Minor Blues (4 Total)	listed	The Jody Grind	jody grind	
Oregon	UG - Minor Blues (4 Total)	listed	Mr. P.C.	mr p c	*
Oregon	UG - Minor Blues (4 Total)	listed	One For Daddy-O	one for daddy o	
Oregon	UG - Minor Blues (4 Total)	listed	Stolen Moments	stolen moments	
Oregon	UG - Major Blues (4 Total)	listed	All Blues	all blues	
Oregon	UG - Major Blues (4 Total)	listed	Bag's Groove	bags groove	
Oregon	UG - Major Blues (4 Total)	listed	Bessie's Blues	bessies blues	
Oregon	UG - Major Blues (4 Total)	listed	Billie's Bounce	billies bounce	*
Oregon	UG - Major Blues (4 Total)	listed	Blue Monk	blue monk	
Oregon	UG - Major Blues (4 Total)	listed	Blue Trane	blue train	
Oregon	UG - Major Blues (4 Total)	listed	Blues for Alice	blues for alice	
Oregon	UG - Major Blues (4 Total)	listed	Freddie the Freeloader	freddie the freeloader	
Oregon	UG - Major Blues (4 Total)	listed	Now's The Time	nows the time	
Oregon	UG - Major Blues (4 Total)	listed	Sonnymoon for Two	sonnymoon for two	
Oregon	UG - Major Blues (4 Total)	listed	Straight No Chaser	straight no chaser	
Oregon	UG - Major Blues (4 Total)	listed	Tenor Madness	tenor madness	*
Oregon	UG - Major Blues (4 Total)	listed	Walkin'	walkin	
Oregon	UG - Major Blues (4 Total)	listed	Watermelon Man	watermelon man	
Oregon	UG - Rhythm Changes (2 Total)	listed	Anthropology	anthropology	
Oregon	UG - Rhythm Changes (2 Total)	listed	Cottontail	cottontail	
Oregon	UG - Rhythm Changes (2 Total)	listed	Dexterity	dexterity	
Oregon	UG - Rhythm Changes (2 Total)	listed	The Eternal Triangle	eternal triangle	
Oregon	UG - Rhythm Changes (2 Total)	listed	Good Bait (A section only)	good bait	
Oregon	UG - Rhythm Changes (2 Total)	listed	I've Got Rhythm	i got rhythm	
Oregon	UG - Rhythm Changes (2 Total)	listed	Lester Leaps In	lester leaps in	
Oregon	UG - Rhythm Changes (2 Total)	listed	Moose the Mooche	moose the mooche	
Oregon	UG - Rhythm Changes (2 Total)	listed	Oleo	oleo	*
Oregon	UG - Rhythm Changes (2 Total)	listed	Perdido	perdido	
Oregon	UG - Rhythm Changes (2 Total)	listed	Salt Peanuts	salt peanuts	
Oregon	UG - Rhythm Changes (2 Total)	listed	Scrapple from the Apple	scrapple from the apple	
Oregon	UG - Up Tempo Tunes in Major Keys (3 Total)	listed	After You've Gone	after youve gone	**
Oregon	UG - Up Tempo Tunes in Major Keys (3 Total)	listed	Cherokee	cherokee	
Oregon	UG - Up Tempo Tunes in Major Keys (3 Total)	listed	I Love You	i love you	
Oregon	UG - Up Tempo Tunes in Major Keys (3 Total)	listed	I'll Remember April	ill remember april	*
Oregon	UG - Up Tempo Tunes in Major Keys (3 Total)	listed	It's You or No One	its you or no one	
Oregon	UG - Up Tempo Tunes in Major Keys (3 Total)	listed	Indiana	indiana	
Oregon	UG - Up Tempo Tunes in Major Keys (3 Total)	listed	Night and Day	night and day	
Oregon	UG - Up Tempo Tunes in Major Keys (3 Total)	listed	The Night Has A Thousand Eyes	night has a thousand eyes	
Oregon	UG - Up Tempo Tunes in Major Keys (3 Total)	listed	Seven Steps to Heaven	seven steps to heaven	
Oregon	UG - Up Tempo Tunes in Minor Keys (5 Total)	listed	Segment	segment	
Oregon	UG - Up Tempo Tunes in Minor Keys (5 Total)	listed	Softly as in a Morning Sunrise	softly as in a morning sunrise	
Oregon	UG - Up Tempo Tunes in Minor Keys (5 Total)	listed	You and the Night and the Music	you and the night and the music	**
Oregon	UG - Up Tempo Tunes in Minor Keys (5 Total)	listed	What Is This Thing Called Love	what is this thing called love	**
Oregon	UG - Up Tempo Tunes in Minor Keys (5 Total)	listed	Voyage	voyage	
Oregon	UG - Ballads (4 Total)	listed	Body and Soul	body and soul	**
Oregon	UG - Ballads (4 Total)	listed	Darn That Dream	darn that dream	
Oregon	UG - Ballads (4 Total)	listed	Georgia	georgia	
Oregon	UG - Ballads (4 Total)	listed	I Can't Get Started	i cant get started	
Oregon	UG - Ballads (4 Total)	listed	In a Sentimental Mood	in a sentimental mood	**
Oregon	UG - Ballads (4 Total)	listed	Lover Man	lover man	
Oregon	UG - Ballads (4 Total)	listed	Misty/I Want to Talk About You	misty i want to talk about you	
Oregon	UG - Ballads (4 Total)	listed	The Nearness of You	nearness of you	
Oregon	UG - Ballads (4 Total)	listed	'Round Midnight	round midnight	
Oregon	UG - Ballads (4 Total)	listed	What's New	whats new	*
Oregon	UG - Ballads (4 Total)	listed	When I Fall In Love	when i fall in love	
Oregon	UG - Waltzes (2 Total)	listed	Alice In Wonderland	alice in wonderland	
Oregon	UG - Waltzes (2 Total)	listed	Bluesette	bluesette	
Oregon	UG - Waltzes (2 Total)	listed	Emily	emily	
Oregon	UG - Waltzes (2 Total)	listed	Jitterbug Waltz	jitterbug waltz	
Oregon	UG - Waltzes (2 Total)	listed	Some Day My Prince Will Come	someday my prince will come	
Oregon	UG - Waltzes (2 Total)	listed	Up Jumped Spring	up jumped spring	**
Oregon	UG - Standards in Minor Keys (6 Total)	listed	Autumn Leaves	autumn leaves	*
Oregon	UG - Standards in Minor Keys (6 Total)	listed	Alone Together	alone together	**
Oregon	UG - Standards in Minor Keys (6 Total)	listed	Beautiful Love	beautiful love	
Oregon	UG - Standards in Minor Keys (6 Total)	listed	Black Orpheus	black orpheus	*
Oregon	UG - Standards in Minor Keys (6 Total)	listed	Blue Bossa	blue bossa	
Oregon	UG - Standards in Minor Keys (6 Total)	listed	Cantaloupe Island	cantaloupe island	
Oregon	UG - Standards in Minor Keys (6 Total)	listed	Caravan	caravan	
Oregon	UG - Standards in Minor Keys (6 Total)	listed	How Deep is the Ocean	how deep is the ocean	
Oregon	UG - Standards in Minor Keys (6 Total)	listed	How Insensitive	how insensitive	
Oregon	UG - Standards in Minor Keys (6 Total)	listed	Invitation	invitation	**
Oregon	UG - Standards in Minor Keys (6 Total)	listed	A Night in Tunisia	night in tunisia	
Oregon	UG - Standards in Minor Keys (6 Total)	listed	Recorda Me	recordame	
Oregon	UG - Standards in Minor Keys (6 Total)	listed	Song For My Father	song for my father	
Oregon	UG - Standards in Minor Keys (6 Total)	listed	Solar	solar	
Oregon	UG - Standards in Minor Keys (6 Total)	listed	Sugar	sugar	
Oregon	UG - Standards in Minor Keys (6 Total)	listed	Summertime	summertime	
Oregon	UG - Standards in Minor Keys (6 Total)	listed	Work Song	work song	
Oregon	UG - Standards in Major Keys (8 Total)	listed	Afternoon in Paris	afternoon in paris	
Oregon	UG - Standards in Major Keys (8 Total)	listed	All of Me	all of me	
Oregon	UG - Standards in Major Keys (8 Total)	listed	All the Things You Are	all the things you are	**
Oregon	UG - Standards in Major Keys (8 Total)	listed	But Not For Me	but not for me	
Oregon	UG - Standards in Major Keys (8 Total)	listed	Bye Bye Blackbird	bye bye blackbird	
Oregon	UG - Standards in Major Keys (8 Total)	listed	Corcovado	corcovado	
Oregon	UG - Standards in Major Keys (8 Total)	listed	Days of Wine and Roses	days of wine and roses	
Oregon	UG - Standards in Major Keys (8 Total)	listed	Don't Get Around Much Anymore	dont get around much anymore	
Oregon	UG - Standards in Major Keys (8 Total)	listed	Doxy	doxy	
Oregon	UG - Standards in Major Keys (8 Total)	listed	A Foggy Day	foggy day	
Oregon	UG - Standards in Major Keys (8 Total)	listed	Four	four	
Oregon	UG - Standards in Major Keys (8 Total)	listed	Girl From Ipanema	girl from ipanema	
Oregon	UG - Standards in Major Keys (8 Total)	listed	Green Dolphin Street	on green dolphin street	
Oregon	UG - Standards in Major Keys (8 Total)	listed	Groovin' High	groovin high	
Oregon	UG - Standards in Major Keys (8 Total)	listed	Have You Met Miss Jones	have you met miss jones	*
Oregon	UG - Standards in Major Keys (8 Total)	listed	Honeysuckle Rose	honeysuckle rose	
Oregon	UG - Standards in Major Keys (8 Total)	listed	How High The Moon	how high the moon	
Oregon	UG - Standards in Major Keys (8 Total)	listed	I Could Write A Book	i could write a book	
Oregon	UG - Standards in Major Keys (8 Total)	listed	In a Mellow Tone	in a mellow tone	
Oregon	UG - Standards in Major Keys (8 Total)	listed	Killer Joe	killer joe	
Oregon	UG - Standards in Major Keys (8 Total)	listed	Ladybird	ladybird	*
Oregon	UG - Standards in Major Keys (8 Total)	listed	Lazy Bird	lazy bird	
Oregon	UG - Standards in Major Keys (8 Total)	listed	Moment's Notice	moments notice	**
Oregon	UG - Standards in Major Keys (8 Total)	listed	My Romance	my romance	
Oregon	UG - Standards in Major Keys (8 Total)	listed	Once I Loved	once i loved	
Oregon	UG - Standards in Major Keys (8 Total)	listed	Out of Nowhere	out of nowhere	
Oregon	UG - Standards in Major Keys (8 Total)	listed	St. Thomas	st thomas	
Oregon	UG - Standards in Major Keys (8 Total)	listed	Satin Doll	satin doll	
Oregon	UG - Standards in Major Keys (8 Total)	listed	Speak Low	speak low	
Oregon	UG - Standards in Major Keys (8 Total)	listed	Stella By Starlight	stella by starlight	**
Oregon	UG - Standards in Major Keys (8 Total)	listed	Sweet Georgia Brown	sweet georgia brown	
Oregon	UG - Standards in Major Keys (8 Total)	listed	Take the “A” Train	take the a train	
Oregon	UG - Standards in Major Keys (8 Total)	listed	There Is No Greater Love	there is no greater love	
Oregon	UG - Standards in Major Keys (8 Total)	listed	There Will Never Be Another You	there will never be another you	
Oregon	UG - Standards in Major Keys (8 Total)	listed	Tune Up	tune up	
Oregon	UG - Standards in Major Keys (8 Total)	listed	Yardbird Suite	yardbird suite	
Oregon	UG - Modal/Non-Functional (6 total)	listed	Freedom Jazz Dance	freedom jazz dance	
Oregon	UG - Modal/Non-Functional (6 total)	listed	Maiden Voyage	maiden voyage	*
Oregon	UG - Modal/Non-Functional (6 total)	listed	Impressions	impressions	*
Oregon	UG - Modal/Non-Functional (6 total)	listed	Witch Hunt	witch hunt	*
Oregon	UG - Modal/Non-Functional (6 total)	listed	JuJu	juju	**
Oregon	UG - Modal/Non-Functional (6 total)	listed	One Finger Snap	one finger snap	**
Oregon	UG - Modal/Non-Functional (6 total)	listed	So What	so what	
San Diego State	audition Freshman	listed	Bessie's Blues	bessies blues	
San Diego State	audition Freshman	listed	Five Hundred Miles High	500 miles high	
San Diego State	audition Freshman	listed	I Mean You	i mean you	
San Diego State	audition Freshman	listed	Lady Bird	ladybird	
San Diego State	audition Freshman	listed	The Lamp is Low	lamp is low	
San Diego State	audition Freshman	listed	Maiden Voyage	maiden voyage	
San Diego State	audition Freshman	listed	Mr. P. C.	mr p c	
San Diego State	audition Freshman	listed	Pent Up House	pent up house	
San Diego State	audition Freshman	listed	Sandu	sandu	
San Diego State	audition Freshman	listed	Silver's Serenade	silvers serenade	
San Diego State	audition Freshman	listed	Take the “A” Train	take the a train	
San Diego State	audition Freshman	listed	There is No Greater Love	there is no greater love	
San Diego State	audition Freshman	listed	There Will Never be Another You	there will never be another you	
San Diego State	audition Freshman	listed	Tune Up	tune up	
San Diego State	audition Junior (Upper Division)	listed	Blues for Alice	blues for alice	
San Diego State	audition Junior (Upper Division)	listed	Ceora	ceora	
San Diego State	audition Junior (Upper Division)	listed	Cherokee	cherokee	
San Diego State	audition Junior (Upper Division)	listed	The Gentle Rain	gentle rain	
San Diego State	audition Junior (Upper Division)	listed	Gregory is Here	gregory is here	
San Diego State	audition Junior (Upper Division)	listed	I'm Getting Sentimental Over You	im getting sentimental over you	
San Diego State	audition Junior (Upper Division)	listed	In a Sentimental Mood	in a sentimental mood	
San Diego State	audition Junior (Upper Division)	listed	In Your Own Sweet Way	in your own sweet way	
San Diego State	audition Junior (Upper Division)	listed	Mahjong	mahjong	
San Diego State	audition Junior (Upper Division)	listed	Strollin'	strollin	
San Diego State	audition Junior (Upper Division)	listed	Sweet and Lovely	sweet and lovely	
San Diego State	audition Junior (Upper Division)	listed	What is this Thing Called Love	what is this thing called love	
San Diego State	audition Junior (Upper Division)	listed	When Lights are Low	when lights are low	
San Diego State	audition Junior (Upper Division)	listed	Whisper Not	whisper not	
San Diego State	audition Graduate	listed	Ana Maria	ana maria	
San Diego State	audition Graduate	listed	Dolphin Dance	dolphin dance	
San Diego State	audition Graduate	listed	E. S. P.	e s p	
San Diego State	audition Graduate	listed	Rain Waltz	rain waltz	
San Diego State	audition Graduate	listed	Giant Steps	giant steps	
San Diego State	audition Graduate	listed	Isfahan	isfahan	
San Diego State	audition Graduate	listed	Lennie's Pennies	lennies pennies	
San Diego State	audition Graduate	listed	Moment's Notice	moments notice	
San Diego State	audition Graduate	listed	Nefertiti	nefertiti	
San Diego State	audition Graduate	listed	Reincarnation of a Love Bird	reincarnation of a love bird	
San Diego State	audition Graduate	listed	Remember Rockefeller at Attica	remember rockefeller at attica	
San Diego State	audition Graduate	listed	Tones for Joan's Bones	tones for joans bones	
San Diego State	audition Graduate	listed	26-2	26 2	
San Diego State	audition Graduate	listed	Unless it's You (a.k.a. Orbit)	unless its you a k a orbit	
Sonoma State	UG jury 1/1	listed	So What	so what	
Sonoma State	UG jury 1/1	listed	Blue Monk	blue monk	
Sonoma State	UG jury 1/1	listed	Summertime	summertime	
Sonoma State	UG jury 1/1	listed	Blue Bossa	blue bossa	
Sonoma State	UG jury 1/1	listed	Maiden Voyage	maiden voyage	
Sonoma State	UG jury 1/2	listed	Take the A Train	take the a train	
Sonoma State	UG jury 1/2	listed	Song for My Father	song for my father	
Sonoma State	UG jury 1/2	listed	All Blues	all blues	
Sonoma State	UG jury 1/2	listed	Footprints	footprints	
Sonoma State	UG jury 1/2	listed	Cantaloupe Island	cantaloupe island	
Sonoma State	UG jury 2/1	listed	Billie's Bounce	billies bounce	
Sonoma State	UG jury 2/1	listed	Killer Joe	killer joe	
Sonoma State	UG jury 2/1	listed	Ladybird	ladybird	
Sonoma State	UG jury 2/1	listed	The Girl From lpanema	girl from ipanema	
Sonoma State	UG jury 2/1	listed	A Night in Tunisia	night in tunisia	
Sonoma State	UG jury 2/2	listed	Anthropology	anthropology	
Sonoma State	UG jury 2/2	listed	Autumn Leaves	autumn leaves	
Sonoma State	UG jury 2/2	listed	Alone Together	alone together	
Sonoma State	UG jury 2/2	listed	Have You Met Miss Jones	have you met miss jones	
Sonoma State	UG jury 2/2	listed	All the Things You Are	all the things you are	
Sonoma State	UG jury 3/1	listed	Freddie Freeloader	freddie the freeloader	
Sonoma State	UG jury 3/1	listed	What is This Thing Called Love?	what is this thing called love	
Sonoma State	UG jury 3/1	listed	Just Friends	just friends	
Sonoma State	UG jury 3/1	listed	How Insensitive	how insensitive	
Sonoma State	UG jury 3/1	listed	Someday My Prince Will Come	someday my prince will come	
Sonoma State	UG jury 3/2	listed	Stella by Starlight	stella by starlight	
Sonoma State	UG jury 3/2	listed	You and the Night and the Music	you and the night and the music	
Sonoma State	UG jury 3/2	listed	Up Jumped Spring	up jumped spring	
Sonoma State	UG jury 3/2	listed	Body and Soul	body and soul	
Sonoma State	UG jury 3/2	listed	Yesterdays	yesterdays	
Sonoma State	UG jury 4/1	listed	'Round Midnight	round midnight	
Sonoma State	UG jury 4/1	listed	Along Came Betty	along came betty	
Sonoma State	UG jury 4/1	listed	Isfahan	isfahan	
Sonoma State	UG jury 4/1	listed	Cherokee	cherokee	
Sonoma State	UG jury 4/1	listed	Donna Lee	donna lee	
Sonoma State	UG jury 4/2	listed	Confirmation	confirmation	
Sonoma State	UG jury 4/2	listed	Take Five	take five	
Sonoma State	UG jury 4/2	listed	Peace (Horace Silver)	peace	
Sonoma State	UG jury 4/2	listed	Dolphin Dance	dolphin dance	
Sonoma State	UG jury 4/2	listed	Giant Steps	giant steps	
Utah	audition - GAS medium/uptempo	listed	A CHILD IS BORN	child is born	
Utah	audition - GAS medium/uptempo	listed	A FOGGY DAY	foggy day	
Utah	audition - GAS medium/uptempo	listed	AFTER YOU'VE GONE	after youve gone	
Utah	audition - GAS medium/uptempo	listed	ALICE IN WONDERLAND	alice in wonderland	
Utah	audition - GAS medium/uptempo	listed	ALL OF ME	all of me	
Utah	audition - GAS medium/uptempo	listed	ALL OF YOU	all of you	
Utah	audition - GAS medium/uptempo	listed	ALL THE THINGS YOU ARE	all the things you are	
Utah	audition - GAS medium/uptempo	listed	ALONE TOGETHER	alone together	
Utah	audition - GAS medium/uptempo	listed	AUTUMN LEAVES	autumn leaves	
Utah	audition - GAS medium/uptempo	listed	BEAUTIFUL LOVE	beautiful love	
Utah	audition - GAS medium/uptempo	listed	BERNIE'S TUNE	bernies tune	
Utah	audition - GAS medium/uptempo	listed	BLUESETTE	bluesette	
Utah	audition - GAS medium/uptempo	listed	BUT NOT FOR ME	but not for me	
Utah	audition - GAS medium/uptempo	listed	BYE BYE BLACKBIRD	bye bye blackbird	
Utah	audition - GAS medium/uptempo	listed	CARAVAN	caravan	
Utah	audition - GAS medium/uptempo	listed	CHEROKEE	cherokee	
Utah	audition - GAS medium/uptempo	listed	COME RAIN OR COME SHINE	come rain or come shine	
Utah	audition - GAS medium/uptempo	listed	COTTONTAIL	cottontail	
Utah	audition - GAS medium/uptempo	listed	DARN THAT DREAM	darn that dream	
Utah	audition - GAS medium/uptempo	listed	DAY BY DAY	day by day	
Utah	audition - GAS medium/uptempo	listed	DAYS OF WINE AND ROSES	days of wine and roses	
Utah	audition - GAS medium/uptempo	listed	DO NOTHING TIL YOU HEAR FROM ME	do nothing til you hear from me	
Utah	audition - GAS medium/uptempo	listed	DON'T GET AROUND MUCH ANYMORE	dont get around much anymore	
Utah	audition - GAS medium/uptempo	listed	EAST OF THE SUN	east of the sun	
Utah	audition - GAS medium/uptempo	listed	EASY TO LOVE	easy to love	
Utah	audition - GAS medium/uptempo	listed	EMBRACEABLE YOU	embraceable you	
Utah	audition - GAS medium/uptempo	listed	EMILY	emily	
Utah	audition - GAS medium/uptempo	listed	FALLING IN LOVE WITH LOVE	falling in love with love	
Utah	audition - GAS medium/uptempo	listed	FROM THIS MOMENT ON	from this moment on	
Utah	audition - GAS medium/uptempo	listed	HAVE YOU MET MISS JONES	have you met miss jones	
Utah	audition - GAS medium/uptempo	listed	HOW DEEP IS THE OCEAN	how deep is the ocean	
Utah	audition - GAS medium/uptempo	listed	I CONCENTRATE ON YOU	i concentrate on you	
Utah	audition - GAS medium/uptempo	listed	I COULD WRITE A BOOK	i could write a book	
Utah	audition - GAS medium/uptempo	listed	IF I SHOULD LOSE YOU	if i should lose you	
Utah	audition - GAS medium/uptempo	listed	IF I WERE A BELL	if i were a bell	
Utah	audition - GAS medium/uptempo	listed	I HEAR A RHAPSODY	i hear a rhapsody	
Utah	audition - GAS medium/uptempo	listed	I LOVE YOU	i love you	
Utah	audition - GAS medium/uptempo	listed	I REMEMBER YOU	i remember you	
Utah	audition - GAS medium/uptempo	listed	I SHOULD CARE	i should care	
Utah	audition - GAS medium/uptempo	listed	I THOUGHT ABOUT YOU	i thought about you	
Utah	audition - GAS medium/uptempo	listed	I'LL REMEMBER APRIL	ill remember april	
Utah	audition - GAS medium/uptempo	listed	I'M GETTING SENTIMENTAL OVER YOU	im getting sentimental over you	
Utah	audition - GAS medium/uptempo	listed	IN A MELLOW TONE	in a mellow tone	
Utah	audition - GAS medium/uptempo	listed	IN YOUR OWN SWEET WAY	in your own sweet way	
Utah	audition - GAS medium/uptempo	listed	INVITATION	invitation	
Utah	audition - GAS medium/uptempo	listed	IT COULD HAPPEN TO YOU	it could happen to you	
Utah	audition - GAS medium/uptempo	listed	IT DON'T MEAN A THING	it dont mean a thing	
Utah	audition - GAS medium/uptempo	listed	IT MIGHT AS WELL BE SPRING	it might as well be spring	
Utah	audition - GAS medium/uptempo	listed	IT'S YOU OR NO ONE	its you or no one	
Utah	audition - GAS medium/uptempo	listed	I'VE GOT THE WORLD ON A STRING	ive got the world on a string	
Utah	audition - GAS medium/uptempo	listed	JUST FRIENDS	just friends	
Utah	audition - GAS medium/uptempo	listed	JUST IN TIME	just in time	
Utah	audition - GAS medium/uptempo	listed	JUST ONE OF THOSE THINGS	just one of those things	
Utah	audition - GAS medium/uptempo	listed	LIKE SOMEONE IN LOVE	like someone in love	
Utah	audition - GAS medium/uptempo	listed	LONG AGO AND FAR AWAY	long ago and far away	
Utah	audition - GAS medium/uptempo	listed	LOVE FOR SALE	love for sale	
Utah	audition - GAS medium/uptempo	listed	LOVER	lover	
Utah	audition - GAS medium/uptempo	listed	LULLABYE OF BIRDLAND	lullaby of birdland	
Utah	audition - GAS medium/uptempo	listed	MY FAVORITE THINGS	my favorite things	
Utah	audition - GAS medium/uptempo	listed	MY FOOLISH HEART	my foolish heart	
Utah	audition - GAS medium/uptempo	listed	MY FUNNY VALENTINE	my funny valentine	
Utah	audition - GAS medium/uptempo	listed	MY ONE AND ONLY LOVE	my one and only love	
Utah	audition - GAS medium/uptempo	listed	MY ROMANCE	my romance	
Utah	audition - GAS medium/uptempo	listed	MY SHINING HOUR	my shining hour	
Utah	audition - GAS medium/uptempo	listed	NEARNESS OF YOU, THE	nearness of you	
Utah	audition - GAS medium/uptempo	listed	NIGHT AND DAY	night and day	
Utah	audition - GAS medium/uptempo	listed	NIGHT HAS 1000 EYES	night has a thousand eyes	
Utah	audition - GAS medium/uptempo	listed	OH LADY BE GOOD	lady be good	
Utah	audition - GAS medium/uptempo	listed	OLD DEVIL MOON	old devil moon	
Utah	audition - GAS medium/uptempo	listed	ON GREEN DOLPHIN STREET	on green dolphin street	
Utah	audition - GAS medium/uptempo	listed	OUR LOVE IS HERE TO STAY	our love is here to stay	
Utah	audition - GAS medium/uptempo	listed	OUT OF NOWHERE	out of nowhere	
Utah	audition - GAS medium/uptempo	listed	OVER THE RAINBOW	over the rainbow	
Utah	audition - GAS medium/uptempo	listed	SECRET LOVE	secret love	
Utah	audition - GAS medium/uptempo	listed	SOFTLY, AS IN A MORNING SUNRISE	softly as in a morning sunrise	
Utah	audition - GAS medium/uptempo	listed	SOMEDAY MY PRINCE WILL COME	someday my prince will come	
Utah	audition - GAS medium/uptempo	listed	SONG IS YOU, THE	song is you	
Utah	audition - GAS medium/uptempo	listed	SPEAK LOW	speak low	
Utah	audition - GAS medium/uptempo	listed	STARDUST	stardust	
Utah	audition - GAS medium/uptempo	listed	STAR EYES	star eyes	
Utah	audition - GAS medium/uptempo	listed	STELLA BY STARLIGHT	stella by starlight	
Utah	audition - GAS medium/uptempo	listed	SUGAR	sugar	
Utah	audition - GAS medium/uptempo	listed	SUMMERTIME	summertime	
Utah	audition - GAS medium/uptempo	listed	TAKE FIVE	take five	
Utah	audition - GAS medium/uptempo	listed	TAKE THE “A” TRAIN	take the a train	
Utah	audition - GAS medium/uptempo	listed	THE TOUCH OF YOUR LIPS	touch of your lips	
Utah	audition - GAS medium/uptempo	listed	THERE IS NO GREATER LOVE	there is no greater love	
Utah	audition - GAS medium/uptempo	listed	THERE WILL NEVER BE ANOTHER YOU	there will never be another you	
Utah	audition - GAS medium/uptempo	listed	WALKIN'	walkin	
Utah	audition - GAS medium/uptempo	listed	WAY YOU LOOK TONIGHT, THE	way you look tonight	
Utah	audition - GAS medium/uptempo	listed	WHAT IS THIS THING CALLED LOVE	what is this thing called love	
Utah	audition - GAS medium/uptempo	listed	WITHOUT A SONG	without a song	
Utah	audition - GAS medium/uptempo	listed	YESTERDAYS	yesterdays	
Utah	audition - GAS medium/uptempo	listed	YOU & THE NIGHT & THE MUSIC	you and the night and the music	
Utah	audition - GAS medium/uptempo	listed	YOU STEPPED OUT OF A DREAM	you stepped out of a dream	
Utah	audition - GAS ballads	listed	BODY & SOUL	body and soul	
Utah	audition - GAS ballads	listed	DARN THAT DREAM	darn that dream	
Utah	audition - GAS ballads	listed	DON'T BLAME ME	dont blame me	
Utah	audition - GAS ballads	listed	EASY LIVING	easy living	
Utah	audition - GAS ballads	listed	GOD BLESS THE CHILD	god bless the child	
Utah	audition - GAS ballads	listed	HERE'S THAT RAINY DAY	heres that rainy day	
Utah	audition - GAS ballads	listed	I CAN'T GET STARTED	i cant get started	
Utah	audition - GAS ballads	listed	IN A SENTIMENTAL MOOD	in a sentimental mood	
Utah	audition - GAS ballads	listed	IT NEVER ENTERED MY MIND	it never entered my mind	
Utah	audition - GAS ballads	listed	LOVER MAN	lover man	
Utah	audition - GAS ballads	listed	MISTY	misty	
Utah	audition - GAS ballads	listed	MOOD INDIGO	mood indigo	
Utah	audition - GAS ballads	listed	MY FOOLISH HEART	my foolish heart	
Utah	audition - GAS ballads	listed	MY FUNNY VALENTINE	my funny valentine	
Utah	audition - GAS ballads	listed	MY OLD FLAME	my old flame	
Utah	audition - GAS ballads	listed	MY ONE AND ONLY LOVE	my one and only love	
Utah	audition - GAS ballads	listed	MY SHIP	my ship	
Utah	audition - GAS ballads	listed	NEARNESS OF YOU, THE	nearness of you	
Utah	audition - GAS ballads	listed	OLD FOLKS	old folks	
Utah	audition - GAS ballads	listed	PRELUDE TO A KISS	prelude to a kiss	
Utah	audition - GAS ballads	listed	SKYLARK	skylark	
Utah	audition - GAS ballads	listed	SOPHISTICATED LADY	sophisticated lady	
Utah	audition - GAS ballads	listed	YOU DON'T KNOW WHAT LOVE IS	you dont know what love is	
Utah	audition - jazz standards: bebop	listed	A NIGHT IN TUNISIA	night in tunisia	
Utah	audition - jazz standards: bebop	listed	AIREGIN	airegin	
Utah	audition - jazz standards: bebop	listed	ANTHROPOLOGY	anthropology	
Utah	audition - jazz standards: bebop	listed	CHERYL	cheryl	
Utah	audition - jazz standards: bebop	listed	CONFIRMATION	confirmation	
Utah	audition - jazz standards: bebop	listed	GOOD BAIT	good bait	
Utah	audition - jazz standards: bebop	listed	GROOVIN' HIGH	groovin high	
Utah	audition - jazz standards: bebop	listed	HOT HOUSE	hot house	
Utah	audition - jazz standards: bebop	pair row: HOW HIGH THE MOON/ORNITHOLOGY	How High The Moon	how high the moon	
Utah	audition - jazz standards: bebop	pair row: HOW HIGH THE MOON/ORNITHOLOGY	Ornithology	ornithology	
Utah	audition - jazz standards: bebop	pair row: INDIANA/DONNA LEE	Indiana	indiana	
Utah	audition - jazz standards: bebop	pair row: INDIANA/DONNA LEE	Donna Lee	donna lee	
Utah	audition - jazz standards: bebop	pair row: LADYBIRD/HALF NELSON	Ladybird	ladybird	
Utah	audition - jazz standards: bebop	pair row: LADYBIRD/HALF NELSON	Half Nelson	half nelson	
Utah	audition - jazz standards: bebop	listed	MOOSE THE MOOCHE	moose the mooche	
Utah	audition - jazz standards: bebop	listed	MY LITTLE SUEDE SHOES	my little suede shoes	
Utah	audition - jazz standards: bebop	listed	OLD MILESTONES	milestones old	
Utah	audition - jazz standards: bebop	listed	OLEO	oleo	
Utah	audition - jazz standards: bebop	listed	SCRAPPLE FROM THE APPLE	scrapple from the apple	
Utah	audition - jazz standards: bebop	listed	SHAW NUFF	shaw nuff	
Utah	audition - jazz standards: bebop	pair row: SWEET GEORGIA BROWN/DIG	Sweet Georgia Brown	sweet georgia brown	
Utah	audition - jazz standards: bebop	pair row: SWEET GEORGIA BROWN/DIG	Dig	dig	
Utah	audition - jazz standards: bebop	listed	YARDBIRD SUITE	yardbird suite	
Utah	audition - jazz standards: Monk	listed	ASK ME NOW	ask me now	
Utah	audition - jazz standards: Monk	listed	BEMSHA SWING	bemsha swing	
Utah	audition - jazz standards: Monk	listed	EPISTROPHY	epistrophy	
Utah	audition - jazz standards: Monk	listed	I MEAN YOU	i mean you	
Utah	audition - jazz standards: Monk	pair row: IN WALKED BUD/BLUE SKIES	In Walked Bud	in walked bud	
Utah	audition - jazz standards: Monk	pair row: IN WALKED BUD/BLUE SKIES	Blue Skies	blue skies	
Utah	audition - jazz standards: Monk	listed	MONK'S DREAM	monks dream	
Utah	audition - jazz standards: Monk	listed	MONK'S MOOD	monks mood	
Utah	audition - jazz standards: Monk	listed	OFF MINOR	off minor	
Utah	audition - jazz standards: Monk	listed	'ROUND MIDNIGHT	round midnight	
Utah	audition - jazz standards: Monk	listed	RUBY, MY DEAR	ruby my dear	
Utah	audition - jazz standards: Monk	listed	PANNONICA	pannonica	
Utah	audition - jazz standards: Monk	listed	WELL, YOU NEEDN'T	well you neednt	
Utah	audition - jazz standards: blues heads	listed	ALL BLUES	all blues	
Utah	audition - jazz standards: blues heads	listed	AU PRIVAVE	au privave	
Utah	audition - jazz standards: blues heads	listed	BAG'S GROOVE	bags groove	
Utah	audition - jazz standards: blues heads	listed	BILLIE'S BOUNCE	billies bounce	
Utah	audition - jazz standards: blues heads	listed	BIRK'S WORKS	birks works	
Utah	audition - jazz standards: blues heads	listed	BLUE MONK	blue monk	
Utah	audition - jazz standards: blues heads	listed	BLUES FOR ALICE	blues for alice	
Utah	audition - jazz standards: blues heads	listed	BLUES IN THE CLOSET	blues in the closet	
Utah	audition - jazz standards: blues heads	listed	C-JAM BLUES	c jam blues	
Utah	audition - jazz standards: blues heads	listed	CHERYL	cheryl	
Utah	audition - jazz standards: blues heads	listed	CHI CHI	chichi	
Utah	audition - jazz standards: blues heads	listed	COOL BLUES	cool blues	
Utah	audition - jazz standards: blues heads	listed	EQUINOX	equinox	
Utah	audition - jazz standards: blues heads	listed	FOOTPRINTS	footprints	
Utah	audition - jazz standards: blues heads	listed	FREDDIE FREELOADER	freddie the freeloader	
Utah	audition - jazz standards: blues heads	listed	FREIGHT TRANE	freight trane	
Utah	audition - jazz standards: blues heads	listed	MR. P.C.	mr p c	
Utah	audition - jazz standards: blues heads	listed	NOW'S THE TIME	nows the time	
Utah	audition - jazz standards: blues heads	listed	RELAXIN' AT CAMARILLO	relaxin at camarillo	
Utah	audition - jazz standards: blues heads	listed	ROUTE 66	route 66	
Utah	audition - jazz standards: blues heads	listed	SANDU	sandu	
Utah	audition - jazz standards: blues heads	listed	SONNYMOON FOR TWO	sonnymoon for two	
Utah	audition - jazz standards: blues heads	listed	STRAIGHT NO CHASER	straight no chaser	
Utah	audition - jazz standards: blues heads	listed	TAKE THE COLTRANE	take the coltrane	
Utah	audition - jazz standards: blues heads	listed	TENOR MADNESS	tenor madness	
Utah	audition - jazz standards: blues heads	listed	THINGS AIN'T WHAT THEY USED TO BE	things aint what they used to be	
Utah	audition - jazz standards: blues heads	listed	WATERMELON MAN	watermelon man	
Utah	audition - jazz standards: blues heads	listed	WEST COAST BLUES	west coast blues	
Utah	audition - rhythm changes heads	listed	ANTHROPOLOGY	anthropology	
Utah	audition - rhythm changes heads	listed	DEXTERITY	dexterity	
Utah	audition - rhythm changes heads	listed	ETERNAL TRIANGLE, THE	eternal triangle	
Utah	audition - rhythm changes heads	listed	I GOT RHYTHM	i got rhythm	
Utah	audition - rhythm changes heads	listed	LESTER LEAPS IN	lester leaps in	
Utah	audition - rhythm changes heads	listed	MOOSE THE MOOCHE	moose the mooche	
Utah	audition - rhythm changes heads	listed	OLEO	oleo	
Utah	audition - rhythm changes heads	listed	RHYTHM-A-NING	rhythm a ning	
Utah	audition - rhythm changes heads	listed	STEEPLECHASE	steeplechase	
Utah	audition - popular modal	listed	BEATRICE	beatrice	
Utah	audition - popular modal	listed	BLACK NARCISSUS	black narcissus	
Utah	audition - popular modal	listed	BOLIVIA	bolivia	
Utah	audition - popular modal	listed	CANTALOUPE ISLAND	cantaloupe island	
Utah	audition - popular modal	listed	CYCLIC EPISODE	cyclic episode	
Utah	audition - popular modal	listed	FEE-FI-FO-FUM	fee fi fo fum	
Utah	audition - popular modal	listed	FOOTPRINTS	footprints	
Utah	audition - popular modal	listed	FREEDOM JAZZ DANCE	freedom jazz dance	
Utah	audition - popular modal	listed	INVITATION	invitation	
Utah	audition - popular modal	listed	LITTLE SUNFLOWER	little sunflower	
Utah	audition - popular modal	listed	MAIDEN VOYAGE	maiden voyage	
Utah	audition - popular modal	listed	MILESTONES	milestones	
Utah	audition - popular modal	listed	RECORDAME	recordame	
Utah	audition - popular modal	pair row: SO WHAT/IMPRESSIONS	So What	so what	
Utah	audition - popular modal	pair row: SO WHAT/IMPRESSIONS	Impressions	impressions	
Utah	audition - popular modal	listed	TAKE FIVE	take five	
Utah	audition - popular bossa novas	listed	BLACK ORPHEUS	black orpheus	
Utah	audition - popular bossa novas	listed	CHEGA DE SAUDADE (NO MORE BLUES)	chega de saudade	
Utah	audition - popular bossa novas	listed	CORCOVADO	corcovado	
Utah	audition - popular bossa novas	listed	DESIFINADO	desafinado	
Utah	audition - popular bossa novas	listed	GIRL FROM IPANEMA, THE	girl from ipanema	
Utah	audition - popular bossa novas	listed	HOW INSENSITIVE	how insensitive	
Utah	audition - popular bossa novas	listed	MEDITATION	meditation	
Utah	audition - popular bossa novas	listed	ONCE I LOVED	once i loved	
Utah	audition - popular bossa novas	listed	ONE NOTE SAMBA	one note samba	
Utah	audition - popular bossa novas	listed	THE LITTLE BOAT	my little boat	
Utah	audition - popular bossa novas	listed	WATCH WHAT HAPPENS	watch what happens	
Utah	audition - popular bossa novas	listed	WAVE	wave	
Utah	audition - jazz compositions 1950s	listed	ALONG CAME BETTY	along came betty	
Utah	audition - jazz compositions 1950s	listed	CON ALMA	con alma	
Utah	audition - jazz compositions 1950s	listed	COUNTDOWN	countdown	
Utah	audition - jazz compositions 1950s	listed	DIG	dig	
Utah	audition - jazz compositions 1950s	listed	DOXY	doxy	
Utah	audition - jazz compositions 1950s	listed	FOUR	four	
Utah	audition - jazz compositions 1950s	listed	GIANT STEPS	giant steps	
Utah	audition - jazz compositions 1950s	listed	JORDU	jordu	
Utah	audition - jazz compositions 1950s	listed	JOY SPRING	joy spring	
Utah	audition - jazz compositions 1950s	listed	LITTLE MELONAE	little melonae	
Utah	audition - jazz compositions 1950s	listed	LOTUS BLOSSOM	lotus blossom	
Utah	audition - jazz compositions 1950s	listed	MILESTONES	milestones	
Utah	audition - jazz compositions 1950s	listed	MOMENT'S NOTICE	moments notice	
Utah	audition - jazz compositions 1950s	listed	NAIMA	naima	
Utah	audition - jazz compositions 1950s	listed	NARDIS	nardis	
Utah	audition - jazz compositions 1950s	listed	NICA'S DREAM	nicas dream	
Utah	audition - jazz compositions 1950s	listed	PEACE	peace	
Utah	audition - jazz compositions 1950s	listed	PENT-UP HOUSE	pent up house	
Utah	audition - jazz compositions 1950s	listed	SANDU	sandu	
Utah	audition - jazz compositions 1950s	listed	SOLAR	solar	
Utah	audition - jazz compositions 1950s	listed	SO WHAT	so what	
Utah	audition - jazz compositions 1950s	listed	STABLEMATES	stablemates	
Utah	audition - jazz compositions 1950s	listed	ST. THOMAS	st thomas	
Utah	audition - jazz compositions 1950s	listed	STROLLIN'	strollin	
Utah	audition - jazz compositions 1950s	listed	TUNE UP	tune up	
Utah	audition - jazz compositions 1950s	listed	THE PREACHER	preacher	
Utah	audition - jazz compositions 1950s	listed	WHISPER NOT	whisper not	
Utah	audition - jazz compositions 1950s	listed	WOODY 'N YOU	woody n you	
Utah	audition - jazz compositions 1960s	listed	BLUE BOSSA	blue bossa	
Utah	audition - jazz compositions 1960s	listed	CANTALOUPE ISLAND	cantaloupe island	
Utah	audition - jazz compositions 1960s	listed	COOKIN” at THE CONTINENTAL	cookin at the continental	
Utah	audition - jazz compositions 1960s	listed	DANCE CADAVEROUS	dance cadaverous	
Utah	audition - jazz compositions 1960s	listed	DOLPHIN DANCE	dolphin dance	
Utah	audition - jazz compositions 1960s	listed	FEE-FI-FO-FUM	fee fi fo fum	
Utah	audition - jazz compositions 1960s	listed	JEANINE	jeannine	
Utah	audition - jazz compositions 1960s	listed	IMPRESSIONS	impressions	
Utah	audition - jazz compositions 1960s	listed	JOSHUA	joshua	
Utah	audition - jazz compositions 1960s	listed	JU-JU	ju ju	
Utah	audition - jazz compositions 1960s	listed	KILLER JOE	killer joe	
Utah	audition - jazz compositions 1960s	listed	MAIDEN VOYAGE	maiden voyage	
Utah	audition - jazz compositions 1960s	listed	MERCY, MERCY, MERCY	mercy mercy mercy	
Utah	audition - jazz compositions 1960s	listed	ONE FINGER SNAP	one finger snap	
Utah	audition - jazz compositions 1960s	listed	RECORDA ME	recordame	
Utah	audition - jazz compositions 1960s	listed	SEVEN STEPS TO HEAVEN	seven steps to heaven	
Utah	audition - jazz compositions 1960s	listed	SONG FOR MY FATHER	song for my father	
Utah	audition - jazz compositions 1960s	listed	SPEAK NO EVIL	speak no evil	
Utah	audition - jazz compositions 1960s	listed	THE SIDEWINDER	the sidewinder	
Utah	audition - jazz compositions 1960s	listed	TONES FOR JOAN'S BONES	tones for joans bones	
Utah	audition - jazz compositions 1960s	listed	UP JUMPED SPRING	up jumped spring	
Utah	audition - jazz compositions 1960s	listed	WINDOWS	windows	
Utah	audition - jazz compositions 1960s	listed	WITCH HUNT	witch hunt	
Utah	audition - jazz compositions 1960s	listed	YES OR NO	yes and no	
Utah	audition - jazz compositions 1970s+	listed	BOLIVIA	bolivia	
Utah	audition - jazz compositions 1970s+	listed	BRIGHT SIZE LIFE	bright size life	
Utah	audition - jazz compositions 1970s+	listed	FIRM ROOTS	firm roots	
Utah	audition - jazz compositions 1970s+	listed	500 MILES HIGH	500 miles high	
Utah	audition - jazz compositions 1970s+	listed	PHASE DANCE	phase dance	
Utah	audition - jazz compositions 1970s+	listed	QUESTION & ANSWER	question and answer	
Utah	audition - jazz compositions 1970s+	listed	RED CLAY	red clay	
Utah	audition - jazz compositions 1970s+	listed	SAIL AWAY	sail away	
Utah	audition - jazz compositions 1970s+	listed	SKY DIVE	sky dive	
Utah	audition - jazz compositions 1970s+	listed	SPAIN	spain	
Utah	audition - jazz compositions 1970s+	listed	VOYAGE	voyage	
Utah Valley	untiered	listed	A Night in Tunisia	night in tunisia	
Utah Valley	untiered	listed	Afro blue	afro blue	
Utah Valley	untiered	listed	All Blues	all blues	
Utah Valley	untiered	listed	All The Things You Are	all the things you are	
Utah Valley	untiered	listed	Alone Together	alone together	
Utah Valley	untiered	listed	Au Privave	au privave	
Utah Valley	untiered	listed	Autumn Leaves	autumn leaves	
Utah Valley	untiered	listed	Beautiful love	beautiful love	
Utah Valley	untiered	listed	Beatrice	beatrice	
Utah Valley	untiered	listed	Billie's Bounce	billies bounce	
Utah Valley	untiered	listed	Black Orpheus	black orpheus	
Utah Valley	untiered	listed	Blue Bossa	blue bossa	
Utah Valley	untiered	listed	Blue Monk	blue monk	
Utah Valley	untiered	listed	Blue Moon	blue moon	
Utah Valley	untiered	listed	Body and Soul	body and soul	
Utah Valley	untiered	listed	Bye Bye Blackbird	bye bye blackbird	
Utah Valley	untiered	listed	Caravan	caravan	
Utah Valley	untiered	listed	Days of Wine and Roses	days of wine and roses	
Utah Valley	untiered	listed	Desafinado	desafinado	
Utah Valley	untiered	listed	Donna Lee	donna lee	
Utah Valley	untiered	listed	Doxy	doxy	
Utah Valley	untiered	listed	East of the sun	east of the sun	
Utah Valley	untiered	listed	Footprints	footprints	
Utah Valley	untiered	listed	Four	four	
Utah Valley	untiered	listed	Girl From Ipanema	girl from ipanema	
Utah Valley	untiered	listed	Good Bait	good bait	
Utah Valley	untiered	listed	Groovin' High	groovin high	
Utah Valley	untiered	listed	Have You Met Miss Jones	have you met miss jones	
Utah Valley	untiered	listed	Honeysuckle Rose	honeysuckle rose	
Utah Valley	untiered	listed	How High The Moon	how high the moon	
Utah Valley	untiered	listed	I Love You	i love you	
Utah Valley	untiered	listed	Impressions	impressions	
Utah Valley	untiered	listed	Indiana	indiana	
Utah Valley	untiered	listed	Invitation	invitation	
Utah Valley	untiered	listed	It Could Happen to You	it could happen to you	
Utah Valley	untiered	listed	It's You or No One	its you or no one	
Utah Valley	untiered	listed	Joy Spring	joy spring	
Utah Valley	untiered	listed	Just Friends	just friends	
Utah Valley	untiered	listed	Killer Joe	killer joe	
Utah Valley	untiered	listed	Lady Bird	ladybird	
Utah Valley	untiered	listed	Little Sunflower	little sunflower	
Utah Valley	untiered	listed	Lover Man	lover man	
Utah Valley	untiered	listed	Maiden Voyage	maiden voyage	
Utah Valley	untiered	listed	Mercy Mercy Mercy	mercy mercy mercy	
Utah Valley	untiered	listed	Minority	minority	
Utah Valley	untiered	listed	Misty	misty	
Utah Valley	untiered	listed	Mr. PC	mr pc	
Utah Valley	untiered	listed	My romance	my romance	
Utah Valley	untiered	listed	My funny valentine	my funny valentine	
Utah Valley	untiered	listed	Nardis	nardis	
Utah Valley	untiered	listed	Nica's dream	nicas dream	
Utah Valley	untiered	listed	Night and Day	night and day	
Utah Valley	untiered	listed	Now's the Time	nows the time	
Utah Valley	untiered	listed	Oleo	oleo	
Utah Valley	untiered	listed	On Green Dolphin Street	on green dolphin street	
Utah Valley	untiered	listed	Ornithology	ornithology	
Utah Valley	untiered	listed	Out of Nowhere	out of nowhere	
Utah Valley	untiered	listed	Recordame	recordame	
Utah Valley	untiered	listed	Sandu	sandu	
Utah Valley	untiered	listed	Satin Doll	satin doll	
Utah Valley	untiered	listed	Softly as in a Morning Sunrise	softly as in a morning sunrise	
Utah Valley	untiered	listed	Solar	solar	
Utah Valley	untiered	listed	Someday My Prince Will Come	someday my prince will come	
Utah Valley	untiered	listed	Song For My Father	song for my father	
Utah Valley	untiered	listed	Sonnymoon for Two	sonnymoon for two	
Utah Valley	untiered	listed	St. Thomas	st thomas	
Utah Valley	untiered	listed	Stella By Starlight	stella by starlight	
Utah Valley	untiered	listed	Straight, No Chaser	straight no chaser	
Utah Valley	untiered	listed	Summertime	summertime	
Utah Valley	untiered	listed	Sugar	sugar	
Utah Valley	untiered	listed	Take the A Train	take the a train	
Utah Valley	untiered	listed	Tenor Madness	tenor madness	
Utah Valley	untiered	listed	There Is No Greater Love	there is no greater love	
Utah Valley	untiered	listed	There Will Never Be Another You	there will never be another you	
Utah Valley	untiered	listed	Tune Up	tune up	
Utah Valley	untiered	listed	Watermelon Man	watermelon man	
Utah Valley	untiered	listed	Wave	wave	
Utah Valley	untiered	listed	What Is This Thing Called Love	what is this thing called love	
Utah Valley	untiered	listed	Whisper Not	whisper not	
Utah Valley	untiered	listed	Work Song	work song	
Utah Valley	untiered	listed	You Don't Know What Love Is	you dont know what love is	
Utah Valley	untiered	listed	You Stepped Out of a Dream	you stepped out of a dream	
Texas State	UG Freshman fall	listed	Summertime	summertime	
Texas State	UG Freshman fall	listed	Take the 'A' Train	take the a train	
Texas State	UG Freshman fall	listed	There Will Never Be Another You	there will never be another you	
Texas State	UG Freshman fall	listed	Someday My Prince Will Come	someday my prince will come	
Texas State	UG Freshman fall	listed	Impressions	impressions	
Texas State	UG Freshman fall	listed	So What	so what	
Texas State	UG Freshman fall	listed	Blue Bossa	blue bossa	
Texas State	UG Freshman fall	listed	Sonnymoon for Two	sonnymoon for two	
Texas State	UG Freshman spring	listed	Softly, as in a Morning Sunrise	softly as in a morning sunrise	
Texas State	UG Freshman spring	listed	There Is No Grater Love	there is no greater love	
Texas State	UG Freshman spring	listed	Recorda-Me	recordame	
Texas State	UG Freshman spring	listed	What Is This Thing Called Love?	what is this thing called love	
Texas State	UG Freshman spring	listed	Satin Doll	satin doll	
Texas State	UG Freshman spring	listed	Autumn Leaves (em and gm)	autumn leaves em and gm	
Texas State	UG Freshman spring	listed	Now's the Time	nows the time	
Texas State	UG Freshman spring	listed	Billie's Bounce	billies bounce	
Texas State	UG Sophomore fall	listed	Have You Met Miss Jones?	have you met miss jones	
Texas State	UG Sophomore fall	listed	Days of Wine and Roses	days of wine and roses	
Texas State	UG Sophomore fall	listed	Night and Day	night and day	
Texas State	UG Sophomore fall	listed	Black Orpheus	black orpheus	
Texas State	UG Sophomore fall	listed	In a Sentimental Mood	in a sentimental mood	
Texas State	UG Sophomore fall	listed	Straight, No Chaser	straight no chaser	
Texas State	UG Sophomore fall	listed	Just Friends (F and G)	just friends f and g	
Texas State	UG Sophomore spring	listed	Oleo	oleo	
Texas State	UG Sophomore spring	listed	The Girl from Ipanema	girl from ipanema	
Texas State	UG Sophomore spring	listed	Misty	misty	
Texas State	UG Sophomore spring	listed	Yesterdays	yesterdays	
Texas State	UG Sophomore spring	listed	I'll Remember April	ill remember april	
Texas State	UG Sophomore spring	listed	On Green Dolphin Street (C and Eb)	on green dolphin street c and eb	
Texas State	UG Sophomore spring	listed	Mr. P.C.	mr p c	
Texas State	UG Junior fall	listed	I Love You	i love you	
Texas State	UG Junior fall	listed	Corcovado	corcovado	
Texas State	UG Junior fall	listed	Alone Together	alone together	
Texas State	UG Junior fall	listed	Joy Spring	joy spring	
Texas State	UG Junior fall	listed	All the Things You Are	all the things you are	
Texas State	UG Junior fall	listed	'Round Midnight (Monk changes)	round midnight monk changes	
Texas State	UG Junior fall	listed	Cantaloupe Island	cantaloupe island	
Texas State	UG Junior fall	listed	Tenor Madness	tenor madness	
Texas State	UG Senior fall	listed	Cherokee	cherokee	
Texas State	UG Senior fall	listed	Confirmation	confirmation	
Texas State	UG Senior fall	listed	Wave	wave	
Texas State	UG Senior fall	listed	Stella by Starlight	stella by starlight	
Texas State	UG Senior fall	listed	Giant Steps	giant steps	
Texas State	UG Senior fall	listed	Body and Soul	body and soul	
Texas State	UG Senior fall	listed	Mercy, Mercy, Mercy	mercy mercy mercy	
Texas State	UG Senior fall	listed	All Blues	all blues	
Central Florida	UG Freshman fall	listed	Four	four	
Central Florida	UG Freshman fall	listed	Scrapple from the Apple	scrapple from the apple	
Central Florida	UG Freshman fall	listed	Groovin' High	groovin high	
Central Florida	UG Freshman fall	listed	Anthropology	anthropology	
Central Florida	UG Freshman spring	listed	Sippin' at Bells	sippin at bells	
Central Florida	UG Freshman spring	listed	Oleo	oleo	
Central Florida	UG Freshman spring	listed	Yardbird Suite	yardbird suite	
Central Florida	UG Freshman spring	listed	Half Nelson	half nelson	
Central Florida	UG Sophomore fall	listed	Gingerbread Boy	gingerbread boy	
Central Florida	UG Sophomore fall	listed	Ornithology	ornithology	
Central Florida	UG Sophomore fall	listed	Confirmation	confirmation	
Central Florida	UG Sophomore fall	listed	Ceora	ceora	
Central Florida	UG Sophomore spring	listed	Prince Albert	prince albert	
Central Florida	UG Sophomore spring	listed	Dig	dig	
Central Florida	UG Sophomore spring	listed	Woody n' You	woody n you	
Central Florida	UG Sophomore spring	listed	Be Bop	bebop	
Central Florida	UG Sophomore spring	listed	Joy Spring	joy spring	
Central Florida	UG Junior fall	listed	Cookin at the Continental	cookin at the continental	
Central Florida	UG Junior fall	listed	Little Willie Leaps	little willie leaps	
Central Florida	UG Junior fall	listed	Donna Lee	donna lee	
Central Florida	UG Junior fall	listed	Daahoud	daahoud	
Central Florida	UG Junior fall	listed	Impressions	impressions	
Central Florida	UG Junior spring	listed	Airegin	airegin	
Central Florida	UG Junior spring	listed	Au Privave	au privave	
Central Florida	UG Junior spring	listed	Hot House	hot house	
Central Florida	UG Junior spring	listed	Freedom Jazz Dance	freedom jazz dance	
Central Florida	UG Junior spring	listed	Budo	budo	
Central Florida	UG Senior fall	listed	Moments Notice	moments notice	
Central Florida	UG Senior fall	listed	Softly as in a Morning Sunrise	softly as in a morning sunrise	
Central Florida	UG Senior fall	listed	Vierd Blues	vierd blues	
Central Florida	UG Senior fall	listed	Tricotism	tricotism	
Central Florida	UG Senior fall	listed	Room 608	room 608	
Central Florida	UG Senior spring	listed	Parisian Thoroughfare	parisian thoroughfare	
Central Florida	UG Senior spring	listed	Giant Steps	giant steps	
Central Florida	UG Senior spring	listed	Bean and the Boys	bean and the boys	
Central Florida	UG Senior spring	listed	Milestones (old)	milestones old	
Central Florida	UG Senior spring	listed	Jordu	jordu	
William Paterson	Popular Standards	listed	A Foggy Day	foggy day	
William Paterson	Popular Standards	listed	All of Me	all of me	
William Paterson	Popular Standards	listed	All the Things You Are	all the things you are	
William Paterson	Popular Standards	listed	Alone Together	alone together	
William Paterson	Popular Standards	listed	April in Paris	april in paris	
William Paterson	Popular Standards	listed	Autumn Leaves	autumn leaves	freshman
William Paterson	Popular Standards	listed	Bluesette	bluesette	
William Paterson	Popular Standards	listed	But Not for Me	but not for me	
William Paterson	Popular Standards	listed	Bye Bye Blackbird	bye bye blackbird	
William Paterson	Popular Standards	listed	Come Rain or Come Shine	come rain or come shine	
William Paterson	Popular Standards	listed	Days of Wine and Roses	days of wine and roses	freshman
William Paterson	Popular Standards	listed	Dearly Beloved	dearly beloved	
William Paterson	Popular Standards	listed	Django	django	
William Paterson	Popular Standards	listed	Falling in Love With Love	falling in love with love	
William Paterson	Popular Standards	listed	Gone With the Wind	gone with the wind	
William Paterson	Popular Standards	listed	Green Dolphin Street	on green dolphin street	freshman
William Paterson	Popular Standards	listed	Have You Met Miss Jones?	have you met miss jones	freshman
William Paterson	Popular Standards	listed	Hello Young Lovers	hello young lovers	
William Paterson	Popular Standards	listed	How High the Moon	how high the moon	freshman
William Paterson	Popular Standards	listed	I Could Write A Book	i could write a book	
William Paterson	Popular Standards	listed	I Didn’t Know What Time It Was	i didnt know what time it was	
William Paterson	Popular Standards	listed	I Hear A Rhapsody	i hear a rhapsody	
William Paterson	Popular Standards	listed	I’ll Be Around	ill be around	
William Paterson	Popular Standards	listed	I Love You	i love you	freshman
William Paterson	Popular Standards	listed	I Remember April	ill remember april	freshman
William Paterson	Popular Standards	listed	I Remember You	i remember you	
William Paterson	Popular Standards	listed	I Should Care	i should care	
William Paterson	Popular Standards	listed	If I Were A Bell	if i were a bell	
William Paterson	Popular Standards	listed	Isn’t It Romantic	isnt it romantic	
William Paterson	Popular Standards	listed	It Could Happen to You	it could happen to you	freshman
William Paterson	Popular Standards	listed	It Had to be You	it had to be you	
William Paterson	Popular Standards	listed	It’s You Or No One	its you or no one	
William Paterson	Popular Standards	listed	Just Friends	just friends	freshman
William Paterson	Popular Standards	listed	University Jazz Studies	university jazz studies	
William Paterson	Popular Standards	listed	Lady Be Good	lady be good	
William Paterson	Popular Standards	listed	Let’s Fall in Love	lets fall in love	
William Paterson	Popular Standards	listed	Like Someone In Love	like someone in love	freshman
William Paterson	Popular Standards	listed	Love Walked In	love walked in	
William Paterson	Popular Standards	listed	(The) More I See You	the more i see you	
William Paterson	Popular Standards	listed	My Favorite Things	my favorite things	
William Paterson	Popular Standards	listed	My Romance	my romance	
William Paterson	Popular Standards	listed	Never Will I Marry	never will i marry	
William Paterson	Popular Standards	listed	Night and Day	night and day	
William Paterson	Popular Standards	listed	Our Love Is Here To Stay	our love is here to stay	
William Paterson	Popular Standards	listed	Out of Nowhere	out of nowhere	
William Paterson	Popular Standards	listed	Satin Doll	satin doll	freshman
William Paterson	Popular Standards	listed	Secret Love	secret love	freshman
William Paterson	Popular Standards	listed	Softly As in a Morning Sunrise	softly as in a morning sunrise	freshman
William Paterson	Popular Standards	listed	Someday My Prince Will Come	someday my prince will come	
William Paterson	Popular Standards	listed	Song Is You, The	song is you	
William Paterson	Popular Standards	listed	Star Eyes	star eyes	
William Paterson	Popular Standards	listed	Stella by Starlight	stella by starlight	freshman
William Paterson	Popular Standards	listed	Stompin’ at the Savoy	stompin at the savoy	
William Paterson	Popular Standards	listed	Summertime	summertime	freshman
William Paterson	Popular Standards	listed	Sweet Georgia Brown	sweet georgia brown	
William Paterson	Popular Standards	listed	Tangerine	tangerine	
William Paterson	Popular Standards	listed	There is No Greater Love	there is no greater love	freshman
William Paterson	Popular Standards	listed	There Will Never Be Another You	there will never be another you	freshman
William Paterson	Popular Standards	listed	They Can’t Take That Away…	they cant take that away	
William Paterson	Popular Standards	listed	What is This Thing Called Love	what is this thing called love	freshman
William Paterson	Popular Standards	listed	Without A Song	without a song	
William Paterson	Popular Standards	listed	You’d Be So Nice To Come HomeTo	youd be so nice to come hometo	
William Paterson	Popular Standards	listed	You Stepped Out of a Dream	you stepped out of a dream	
William Paterson	Jazz Standards	listed	26-2	26 2	
William Paterson	Jazz Standards	listed	Afro Blue	afro blue	
William Paterson	Jazz Standards	listed	Afternoon In Paris	afternoon in paris	
William Paterson	Jazz Standards	listed	Program	program	
William Paterson	Jazz Standards	listed	Airegin	airegin	
William Paterson	Jazz Standards	listed	All Blues	all blues	
William Paterson	Jazz Standards	listed	Along Came Betty	along came betty	
William Paterson	Jazz Standards	listed	Are You Real?	are you real	
William Paterson	Jazz Standards	listed	Bluesette	bluesette	
William Paterson	Jazz Standards	listed	Cherokee	cherokee	freshman
William Paterson	Jazz Standards	listed	Confirmation	confirmation	
William Paterson	Jazz Standards	listed	Countdown	countdown	
William Paterson	Jazz Standards	listed	Crescent	crescent	
William Paterson	Jazz Standards	listed	Daahoud	daahoud	
William Paterson	Jazz Standards	listed	Daydream	daydream	
William Paterson	Jazz Standards	listed	Dig	dig	
William Paterson	Jazz Standards	listed	Dolphin Dance	dolphin dance	freshman
William Paterson	Jazz Standards	listed	Donna Lee	donna lee	
William Paterson	Jazz Standards	listed	Doxy	doxy	
William Paterson	Jazz Standards	listed	ESP	esp	
William Paterson	Jazz Standards	listed	Evidence	evidence	
William Paterson	Jazz Standards	listed	Fall	fall	
William Paterson	Jazz Standards	listed	Fee Fi Fo Fum	fee fi fo fum	
William Paterson	Jazz Standards	listed	Four	four	freshman
William Paterson	Jazz Standards	listed	Freedom Jazz Dance	freedom jazz dance	
William Paterson	Jazz Standards	listed	Giant Steps	giant steps	
William Paterson	Jazz Standards	listed	Gloria’s Step	glorias step	
William Paterson	Jazz Standards	listed	Groovin’ High	groovin high	
William Paterson	Jazz Standards	listed	Half Nelson	half nelson	
William Paterson	Jazz Standards	listed	Hi-Fly	hi fly	
William Paterson	Jazz Standards	listed	How My Heart Sings	how my heart sings	
William Paterson	Jazz Standards	listed	I Let A Song Go Out of	i let a song go out of my heart	
William Paterson	Jazz Standards	listed	Impressions	impressions	freshman
William Paterson	Jazz Standards	listed	In A Mellotone	in a mellotone	freshman
William Paterson	Jazz Standards	listed	In Your Own Sweet Way	in your own sweet way	freshman
William Paterson	Jazz Standards	listed	Inchworm	inchworm	
William Paterson	Jazz Standards	listed	Inner Urge	inner urge	
William Paterson	Jazz Standards	listed	Intrepid Fox	intrepid fox	
William Paterson	Jazz Standards	listed	Iris	iris	
William Paterson	Jazz Standards	listed	Israel	israel	
William Paterson	Jazz Standards	listed	It Don’t Mean A Thing	it dont mean a thing	
William Paterson	Jazz Standards	listed	Jitterbug Waltz	jitterbug waltz	
William Paterson	Jazz Standards	listed	Jordu	jordu	
William Paterson	Jazz Standards	listed	Joy Spring	joy spring	
William Paterson	Jazz Standards	listed	Killer Joe	killer joe	
William Paterson	Jazz Standards	listed	Lady Bird	ladybird	
William Paterson	Jazz Standards	listed	Lazy Bird	lazy bird	
William Paterson	Jazz Standards	listed	Litha	litha	
William Paterson	Jazz Standards	listed	Little B’s Poem	little bs poem	
William Paterson	Jazz Standards	listed	Maiden Voyage	maiden voyage	
William Paterson	Jazz Standards	listed	Mercy, Mercy	mercy mercy mercy	
William Paterson	Jazz Standards	listed	Milestones (New)	milestones new	freshman
William Paterson	Jazz Standards	listed	Milestones (Old)	milestones old	
William Paterson	Jazz Standards	listed	Minority	minority	
William Paterson	Jazz Standards	listed	Moment’s Notice	moments notice	
William Paterson	Jazz Standards	listed	Move	move	
William Paterson	Jazz Standards	listed	Nardis	nardis	
William Paterson	Jazz Standards	listed	Nefertiti	nefertiti	
William Paterson	Jazz Standards	listed	Night Dreamer	night dreamer	
William Paterson	Jazz Standards	listed	Night In Tunisia, A	night in tunisia	freshman
William Paterson	Jazz Standards	listed	Nutville	nutville	freshman
William Paterson	Jazz Standards	listed	On the Trail	on the trail	
William Paterson	Jazz Standards	listed	One-Finger Snap	one finger snap	
William Paterson	Jazz Standards	listed	Ornithology	ornithology	
William Paterson	Jazz Standards	listed	Passion Dance	passion dance	
William Paterson	Jazz Standards	listed	Pent Up House	pent up house	
William Paterson	Jazz Standards	listed	Pinocchio	pinocchio	
William Paterson	Jazz Standards	listed	Preacher	preacher	
William Paterson	Jazz Standards	listed	Quicksilver	quicksilver	
William Paterson	Jazz Standards	listed	Red Clay	red clay	
William Paterson	Jazz Standards	listed	Room 608	room 608	
William Paterson	Jazz Standards	listed	Scrapple from the Apple	scrapple from the apple	
William Paterson	Jazz Standards	listed	Seven Steps to Heaven	seven steps to heaven	
William Paterson	Jazz Standards	listed	Silver’s Serenade	silvers serenade	
William Paterson	Jazz Standards	listed	Sister Sadie	sister sadie	
William Paterson	Jazz Standards	listed	So What	so what	freshman
William Paterson	Jazz Standards	listed	Solar	solar	freshman
William Paterson	Jazz Standards	listed	Stablemates	stablemates	
William Paterson	Jazz Standards	listed	Strollin’	strollin	
William Paterson	Jazz Standards	listed	Sugar	sugar	freshman
William Paterson	Jazz Standards	listed	Take the “A” Train	take the a train	freshman
William Paterson	Jazz Standards	listed	Tone for Jones Bones	tones for joans bones	
William Paterson	Jazz Standards	listed	Tune Up	tune up	
William Paterson	Jazz Standards	listed	Unit 7	unit seven	
William Paterson	Jazz Standards	listed	Waltz for Debby	waltz for debby	
William Paterson	Jazz Standards	listed	Well You Needn’t	well you neednt	
William Paterson	Jazz Standards	listed	Whisper Not	whisper not	
William Paterson	Jazz Standards	listed	Windows	windows	
William Paterson	Jazz Standards	listed	Witchhunt	witch hunt	
William Paterson	Jazz Standards	listed	Woody ‘N’ You	woody n you	
William Paterson	Jazz Standards	listed	Yardbird Suite	yardbird suite	
William Paterson	Rhythm Changes	listed	Anthropology	anthropology	
William Paterson	Rhythm Changes	listed	Cottontail	cottontail	
William Paterson	Rhythm Changes	listed	I Got Rhythm	i got rhythm	freshman
William Paterson	Rhythm Changes	listed	Lester Leaps In	lester leaps in	
William Paterson	Rhythm Changes	listed	Moose the Mooche	moose the mooche	
William Paterson	Rhythm Changes	listed	Oleo	oleo	freshman
William Paterson	Rhythm Changes	listed	Rhythm-A-Ning	rhythm a ning	
William Paterson	Rhythm Changes	listed	Shaw Nuff	shaw nuff	
William Paterson	Rhythm Changes	listed	Webb City	webb city	
William Paterson	Latin & Straight 8ths	listed	500 Miles High	500 miles high	
William Paterson	Latin & Straight 8ths	listed	April Joy	april joy	
William Paterson	Latin & Straight 8ths	listed	Black Orpheus	black orpheus	
William Paterson	Latin & Straight 8ths	listed	Blue Bossa	blue bossa	freshman
William Paterson	Latin & Straight 8ths	listed	Bolivia	bolivia	
William Paterson	Latin & Straight 8ths	listed	Ceora	ceora	
William Paterson	Latin & Straight 8ths	listed	Con Alma	con alma	
William Paterson	Latin & Straight 8ths	listed	Coral Keys	coral keys	
William Paterson	Latin & Straight 8ths	listed	Crystal Silence	crystal silence	
William Paterson	Latin & Straight 8ths	listed	Day Waves	day waves	
William Paterson	Latin & Straight 8ths	listed	Desafinado	desafinado	
William Paterson	Latin & Straight 8ths	listed	Dindi	dindi	
William Paterson	Latin & Straight 8ths	listed	Forest Flower	forest flower	
William Paterson	Latin & Straight 8ths	listed	Gentle Rain	gentle rain	
William Paterson	Latin & Straight 8ths	listed	Girl From Ipanema	girl from ipanema	freshman
William Paterson	Latin & Straight 8ths	listed	Gregory Is Here	gregory is here	
William Paterson	Latin & Straight 8ths	listed	How Insensitive	how insensitive	
William Paterson	Latin & Straight 8ths	listed	Invitation	invitation	freshman
William Paterson	Latin & Straight 8ths	listed	Joshua	joshua	
William Paterson	Latin & Straight 8ths	listed	Meditation	meditation	
William Paterson	Latin & Straight 8ths	listed	Moon Germs	moon germs	
William Paterson	Latin & Straight 8ths	listed	My Little Boat	my little boat	
William Paterson	Latin & Straight 8ths	listed	Nica’s Dream	nicas dream	
William Paterson	Latin & Straight 8ths	listed	Night In Tunisia	night in tunisia	
William Paterson	Latin & Straight 8ths	listed	Once I Loved	once i loved	
William Paterson	Latin & Straight 8ths	listed	One Note Samba	one note samba	
William Paterson	Latin & Straight 8ths	listed	Pensativa	pensativa	
William Paterson	Latin & Straight 8ths	listed	Quiet Nights	quiet nights	
William Paterson	Latin & Straight 8ths	listed	Recordame	recordame	
William Paterson	Latin & Straight 8ths	listed	Sea Journey	sea journey	
William Paterson	Latin & Straight 8ths	listed	Slowly Gone, Bygone	slowly gone bygone	
William Paterson	Latin & Straight 8ths	listed	Song for My Father	song for my father	freshman
William Paterson	Latin & Straight 8ths	listed	St. Thomas	st thomas	
William Paterson	Latin & Straight 8ths	listed	Think On Me	think on me	
William Paterson	Latin & Straight 8ths	listed	Triste	triste	
William Paterson	Latin & Straight 8ths	listed	Watch What Happens	watch what happens	
William Paterson	Latin & Straight 8ths	listed	Wave	wave	
William Paterson	Blues	listed	All Blues	all blues	freshman
William Paterson	Blues	listed	Afro Blue	afro blue	
William Paterson	Blues	listed	Au Privave	au privave	freshman
William Paterson	Blues	listed	Bessie’s Blues	bessies blues	
William Paterson	Blues	listed	Billie’s Bounce	billies bounce	freshman
William Paterson	Blues	listed	Blues March	blues march	
William Paterson	Blues	listed	Blue Monk	blue monk	freshman
William Paterson	Blues	listed	Blues for Alice	blues for alice	
William Paterson	Blues	listed	Blues for Wood	blues for wood	
William Paterson	Blues	listed	Blue Train	blue train	
William Paterson	Blues	listed	Cheryl	cheryl	
William Paterson	Blues	listed	Eighty-One	eighty one	
William Paterson	Blues	listed	Equinox	equinox	
William Paterson	Blues	listed	Footprints	footprints	
William Paterson	Blues	listed	Freddie the Freeloader	freddie the freeloader	
William Paterson	Blues	listed	Gingerbread Boy	gingerbread boy	
William Paterson	Blues	listed	Interplay	interplay	
William Paterson	Blues	listed	Isotope	isotope	
William Paterson	Blues	listed	Jody Grind, The	jody grind	
William Paterson	Blues	listed	Jumpin’ With Symphony Sid	jumpin with symphony sid	
William Paterson	Blues	listed	Mr. P.C.	mr p c	freshman
William Paterson	Blues	listed	Now’s the Time	nows the time	freshman
William Paterson	Blues	listed	One for Amos	one for amos	
William Paterson	Blues	listed	Prancing	prancing	
William Paterson	Blues	listed	Sidewinder	the sidewinder	
William Paterson	Blues	listed	Solid	solid	
William Paterson	Blues	listed	Some Other Blues	some other blues	
William Paterson	Blues	listed	Sonnymoon for Two	sonnymoon for two	freshman
William Paterson	Blues	listed	Steps	steps	
William Paterson	Blues	listed	Stolen Moments	stolen moments	
William Paterson	Blues	listed	Straight, No Chaser	straight no chaser	
William Paterson	Blues	listed	Tenor Madness	tenor madness	
William Paterson	Blues	listed	Vierd Blues	vierd blues	
William Paterson	Blues	listed	Walkin’	walkin	freshman
William Paterson	Ballads	listed	A Child Is Born	child is born	freshman
William Paterson	Ballads	listed	All of You	all of you	
William Paterson	Ballads	listed	Angel Eyes	angel eyes	
William Paterson	Ballads	listed	As Time Goes By	as time goes by	
William Paterson	Ballads	listed	Autumn in New York	autumn in new york	
William Paterson	Ballads	listed	Beautiful Love	beautiful love	
William Paterson	Ballads	listed	Black Narcissus	black narcissus	
William Paterson	Ballads	listed	Blue ‘N’ Green	blue in green	
William Paterson	Ballads	listed	Body and Soul	body and soul	freshman
William Paterson	Ballads	listed	But Beautiful	but beautiful	
William Paterson	Ballads	listed	Central Park West	central park west	
William Paterson	Ballads	listed	Chelsea Bridge	chelsea bridge	
William Paterson	Ballads	listed	Come Sunday	come sunday	
William Paterson	Ballads	listed	Dancing in the Dark	dancing in the dark	
William Paterson	Ballads	listed	Darn That Dream	darn that dream	
William Paterson	Ballads	listed	Dedicated to You	dedicated to you	
William Paterson	Ballads	listed	Don’t Blame Me	dont blame me	
William Paterson	Ballads	listed	Early Autumn	early autumn	
William Paterson	Ballads	listed	Easy Living	easy living	
William Paterson	Ballads	listed	Easy to Love	easy to love	
William Paterson	Ballads	listed	Embraceable You	embraceable you	
William Paterson	Ballads	listed	Emily	emily	
William Paterson	Ballads	listed	Everything Happens to Me	everything happens to me	
William Paterson	Ballads	listed	Goodbye Porkpie Hat	goodbye porkpie hat	
William Paterson	Ballads	listed	Ghost of a Chance	ghost of a chance	
William Paterson	Ballads	listed	Here’s That Rainy Day	heres that rainy day	freshman
William Paterson	Ballads	listed	How Deep Is the Ocean	how deep is the ocean	
William Paterson	Ballads	listed	I Can’t Get Started	i cant get started	freshman
William Paterson	Ballads	listed	I Concentrate On You	i concentrate on you	
William Paterson	Ballads	listed	If You Could See Me Now	if you could see me now	
William Paterson	Ballads	listed	Imagination	imagination	
William Paterson	Ballads	listed	In A Sentimental Mood	in a sentimental mood	freshman
William Paterson	Ballads	listed	I Remember Clifford	i remember clifford	
William Paterson	Ballads	listed	I Should Care	i should care	
William Paterson	Ballads	listed	It Might As Well Be Spring	it might as well be spring	
William Paterson	Ballads	listed	Little Girl Blue	little girl blue	
William Paterson	Ballads	listed	Lament	lament	
William Paterson	Ballads	listed	Laura	laura	
William Paterson	Ballads	listed	Lover Man	lover man	freshman
William Paterson	Ballads	listed	Lush Life	lush life	
William Paterson	Ballads	listed	Make Someone Happy	make someone happy	
William Paterson	Ballads	listed	Midnight Sun	midnight sun	
William Paterson	Ballads	listed	Misty	misty	freshman
William Paterson	Ballads	listed	Mood Indigo	mood indigo	
William Paterson	Ballads	listed	More Than You Know	more than you know	
William Paterson	Ballads	listed	My Foolish Heart	my foolish heart	
William Paterson	Ballads	listed	My Funny Valentine	my funny valentine	freshman
William Paterson	Ballads	listed	My Old Flame	my old flame	
William Paterson	Ballads	listed	My One and Only Love	my one and only love	
William Paterson	Ballads	listed	My Ship	my ship	
William Paterson	Ballads	listed	Naima	naima	
William Paterson	Ballads	listed	Nancy	nancy	
William Paterson	Ballads	listed	Nearness of You, The	nearness of you	
William Paterson	Ballads	listed	Old Folks	old folks	freshman
William Paterson	Ballads	listed	Over the Rainbow	over the rainbow	
William Paterson	Ballads	listed	Peace	peace	
William Paterson	Ballads	listed	Poor Butterfly	poor butterfly	
William Paterson	Ballads	listed	Prelude to a Kiss	prelude to a kiss	
William Paterson	Ballads	listed	Round Midnight	round midnight	freshman
William Paterson	Ballads	listed	Shadow of Your Smile	shadow of your smile	
William Paterson	Ballads	listed	Skylark	skylark	
William Paterson	Ballads	listed	Some Other Time	some other time	
William Paterson	Ballads	listed	Spring Is Here	spring is here	
William Paterson	Ballads	listed	Spring Can Really Hang You Up the Most	spring can really hang you up the most	
William Paterson	Ballads	listed	Star-Crossed Lovers	star crossed lovers	
William Paterson	Ballads	listed	Stardust	stardust	
William Paterson	Ballads	listed	Stars Fell On Alabama	stars fell on alabama	
William Paterson	Ballads	listed	Stella by Starlight	stella by starlight	freshman
William Paterson	Ballads	listed	Tenderly	tenderly	freshman
William Paterson	Ballads	listed	Things We Did Last Summer	things we did last summer	
William Paterson	Ballads	listed	Time Remembered	time remembered	
William Paterson	Ballads	listed	Too Young to Go Steady	too young to go steady	
William Paterson	Ballads	listed	Turn Out the Stars	turn out the stars	
William Paterson	Ballads	listed	Very Early	very early	
William Paterson	Ballads	listed	What A Difference A Day..	what a difference a day	
William Paterson	Ballads	listed	What Are You Doing the Rest of Your Life?	what are you doing the rest of your life	
William Paterson	Ballads	listed	What’s New?	whats new	
William Paterson	Ballads	listed	When I Fall In Love	when i fall in love	
William Paterson	Ballads	listed	When Sunny Gets Blue	when sunny gets blue	freshman
William Paterson	Ballads	listed	Willow Weep for Me	willow weep for me	
William Paterson	Ballads	listed	Yesterdays	yesterdays	freshman
William Paterson	Ballads	listed	You Are Too Beautiful	you are too beautiful	
William Paterson	Ballads	listed	You Don’t Know What Love Is	you dont know what love is	
William Paterson	Ballads	listed	You Go to My Head	you go to my head	
William Paterson	Ballads	listed	You’re My Everything	youre my everything	
